<?xml version="1.0" encoding="utf-8"?>
<ThemeConfiguration xmlns:xsi="http://www.w3.org/2001/XMLSchema-instance" xmlns:xsd="http://www.w3.org/2001/XMLSchema">
  <ThemesList>
    <ColorTheme>
      <Name>Night Owl Dark</Name>
      <Background>#011627</Background>
      <DefaultText>#D6DEEB</DefaultText>
      <TauPrompt>#EF5350</TauPrompt>
      <Numbers>#C792EA</Numbers>
      <Comments>#637777</Comments>
      <Highlights>#7FDBCA</Highlights>
      <SyntaxCommand>#82AAFF</SyntaxCommand>
      <SyntaxOperator>#C792EA</SyntaxOperator>
      <SyntaxKeyword>#C792EA</SyntaxKeyword>
      <SyntaxReference>#ADDB67</SyntaxReference>
      <SyntaxBoolean>#FF5874</SyntaxBoolean>
      <SyntaxTime>#F78C6C</SyntaxTime>
      <SyntaxString>#ECC48D</SyntaxString>
      <SyntaxFunction>#82AAFF</SyntaxFunction>
      <SyntaxVariable>#D6DEEB</SyntaxVariable>
      <SyntaxNumber>#F78C6C</SyntaxNumber>
      <SyntaxPunctuation>#D6DEEB</SyntaxPunctuation>
      <SyntaxDefinition>#82AAFF</SyntaxDefinition>
      <IsLightVariant>false</IsLightVariant>
      <VariantGroup>Night Owl</VariantGroup>
    </ColorTheme>
    <ColorTheme>
      <Name>Night Owl Light</Name>
      <Background>#FFFFFF</Background>
      <DefaultText>#403F53</DefaultText>
      <TauPrompt>#EF5350</TauPrompt>
      <Numbers>#C792EA</Numbers>
      <Comments>#637777</Comments>
      <Highlights>#7FDBCA</Highlights>
      <SyntaxCommand>#82AAFF</SyntaxCommand>
      <SyntaxOperator>#C792EA</SyntaxOperator>
      <SyntaxKeyword>#C792EA</SyntaxKeyword>
      <SyntaxReference>#ADDB67</SyntaxReference>
      <SyntaxBoolean>#FF5874</SyntaxBoolean>
      <SyntaxTime>#F78C6C</SyntaxTime>
      <SyntaxString>#ECC48D</SyntaxString>
      <SyntaxFunction>#82AAFF</SyntaxFunction>
      <SyntaxVariable>#D6DEEB</SyntaxVariable>
      <SyntaxNumber>#F78C6C</SyntaxNumber>
      <SyntaxPunctuation>#D6DEEB</SyntaxPunctuation>
      <SyntaxDefinition>#82AAFF</SyntaxDefinition>
      <IsLightVariant>true</IsLightVariant>
      <VariantGroup>Night Owl</VariantGroup>
    </ColorTheme>
    <ColorTheme>
      <Name>Monokai Dark</Name>
      <Background>#272822</Background>
      <DefaultText>#F8F8F2</DefaultText>
      <TauPrompt>#75715E</TauPrompt>
      <Numbers>#AE81FF</Numbers>
      <Comments>#75715E</Comments>
      <Highlights>#FD971F</Highlights>
      <SyntaxCommand>#F92672</SyntaxCommand>
      <SyntaxOperator>#F92672</SyntaxOperator>
      <SyntaxKeyword>#F92672</SyntaxKeyword>
      <SyntaxReference>#A6E22E</SyntaxReference>
      <SyntaxBoolean>#AE81FF</SyntaxBoolean>
      <SyntaxTime>#E6DB74</SyntaxTime>
      <SyntaxString>#E6DB74</SyntaxString>
      <SyntaxFunction>#66D9EF</SyntaxFunction>
      <SyntaxVariable>#F8F8F2</SyntaxVariable>
      <SyntaxNumber>#AE81FF</SyntaxNumber>
      <SyntaxPunctuation>#F8F8F2</SyntaxPunctuation>
      <SyntaxDefinition>#F92672</SyntaxDefinition>
      <IsLightVariant>false</IsLightVariant>
      <VariantGroup>Monokai</VariantGroup>
    </ColorTheme>
    <ColorTheme>
      <Name>Monokai Light</Name>
      <Background>#FAFAFA</Background>
      <DefaultText>#383A42</DefaultText>
      <TauPrompt>#E45649</TauPrompt>
      <Numbers>#A626A4</Numbers>
      <Comments>#A0A1A7</Comments>
      <Highlights>#526FFF</Highlights>
      <SyntaxCommand>#E45649</SyntaxCommand>
      <SyntaxOperator>#526FFF</SyntaxOperator>
      <SyntaxKeyword>#E45649</SyntaxKeyword>
      <SyntaxReference>#50A14F</SyntaxReference>
      <SyntaxBoolean>#A626A4</SyntaxBoolean>
      <SyntaxTime>#C18401</SyntaxTime>
      <SyntaxString>#50A14F</SyntaxString>
      <SyntaxFunction>#4078F2</SyntaxFunction>
      <SyntaxVariable>#383A42</SyntaxVariable>
      <SyntaxNumber>#A626A4</SyntaxNumber>
      <SyntaxPunctuation>#383A42</SyntaxPunctuation>
      <SyntaxDefinition>#E45649</SyntaxDefinition>
      <IsLightVariant>true</IsLightVariant>
      <VariantGroup>Monokai</VariantGroup>
    </ColorTheme>
    <ColorTheme>
      <Name>Solarized Dark</Name>
      <Background>#002B36</Background>
      <DefaultText>#839496</DefaultText>
      <TauPrompt>#DC322F</TauPrompt>
      <Numbers>#859900</Numbers>
      <Comments>#586E75</Comments>
      <Highlights>#2AA198</Highlights>
      <SyntaxCommand>#B58900</SyntaxCommand>
      <SyntaxOperator>#2AA198</SyntaxOperator>
      <SyntaxKeyword>#D33682</SyntaxKeyword>
      <SyntaxReference>#268BD2</SyntaxReference>
      <SyntaxBoolean>#859900</SyntaxBoolean>
      <SyntaxTime>#CB4B16</SyntaxTime>
      <SyntaxString>#859900</SyntaxString>
      <SyntaxFunction>#B58900</SyntaxFunction>
      <SyntaxVariable>#839496</SyntaxVariable>
      <SyntaxNumber>#859900</SyntaxNumber>
      <SyntaxPunctuation>#839496</SyntaxPunctuation>
      <SyntaxDefinition>#B58900</SyntaxDefinition>
      <IsLightVariant>false</IsLightVariant>
      <VariantGroup>Solarized</VariantGroup>
    </ColorTheme>
    <ColorTheme>
      <Name>Solarized Light</Name>
      <Background>#FDF6E3</Background>
      <DefaultText>#657B83</DefaultText>
      <TauPrompt>#DC322F</TauPrompt>
      <Numbers>#859900</Numbers>
      <Comments>#93A1A1</Comments>
      <Highlights>#2AA198</Highlights>
      <SyntaxCommand>#B58900</SyntaxCommand>
      <SyntaxOperator>#2AA198</SyntaxOperator>
      <SyntaxKeyword>#D33682</SyntaxKeyword>
      <SyntaxReference>#268BD2</SyntaxReference>
      <SyntaxBoolean>#859900</SyntaxBoolean>
      <SyntaxTime>#CB4B16</SyntaxTime>
      <SyntaxString>#859900</SyntaxString>
      <SyntaxFunction>#B58900</SyntaxFunction>
      <SyntaxVariable>#657B83</SyntaxVariable>
      <SyntaxNumber>#859900</SyntaxNumber>
      <SyntaxPunctuation>#657B83</SyntaxPunctuation>
      <SyntaxDefinition>#B58900</SyntaxDefinition>
      <IsLightVariant>true</IsLightVariant>
      <VariantGroup>Solarized</VariantGroup>
    </ColorTheme>
  </ThemesList>
</ThemeConfiguration>