<?xml version="1.0" encoding="UTF-8"?>
<helpContent>
    <!-- Core Concepts -->
    <entry id="boolean-algebra">
        <title>Boolean Algebra Fundamentals</title>
        <description>
The Boolean operations are fundamental building blocks in Tau that follow standard Boolean algebra rules while providing specific syntax for logical relationships.

Core concepts include:
- Basic operations: AND(&amp;), OR(|), NOT('), XOR(+)
- Terms vs Formulas distinction 
- Basic laws and properties
- Type system implications

Operation rules:
- AND shows as concatenation (xy means x &amp; y)
- OR maintains the | symbol
- NOT uses prime (') notation
- XOR expands to canonical forms
- Parentheses control precedence

Fundamental laws:
- Complementation: x | x' = 1, x &amp; x' = 0
- Identity: x + 0 = x
- Commutativity: x + y = y + x
- Associativity: (x + y) + z = x + (y + z) 
- Self-cancellation: x + x = 0
- Distribution: x&amp;(y|z) = (x&amp;y)|(x&amp;z)</description>
        <examples>
            <example>
                <command>a &amp; (b &amp; c)</command>
                <description>Multiple AND operation</description>
                <result>abc</result>
                <explanation>Associative property of AND</explanation>
            </example>
            <example>
                <command>p &amp; q &amp; r</command>
                <description>Chained AND operation</description>
                <result>pqr</result>
                <explanation>Multiple terms combined with AND</explanation>
            </example>
            <example>
                <command>x'</command>
                <description>NOT operation</description>
                <result>x'</result>
                <explanation>Complement/negation of x</explanation>
            </example>
            <example>
                <command>x + y</command>
                <description>XOR operation</description>
                <result>x'y|xy'</result>
                <explanation>Either x OR y, but not both</explanation>
            </example>
            <example>
                <command>(x &amp; y)'</command>
                <description>De Morgan's Law</description>
                <result>x'|y'</result>
                <explanation>NOT of AND becomes OR of NOTs</explanation>
            </example>
            <example>
                <command>n x &amp; (y | z)</command>
                <description>Distribution</description>
                <result>xy|xz</result>
                <explanation>AND distributes over OR</explanation>
            </example>
            <example>
                <command>n x &amp; y = x | y</command>
                <description>AND equals OR condition</description>
                <result>xy' = 0 &amp;&amp; x'y = 0 - Shows conditions when AND equals OR</result>
            </example>
            <example>
                <command>n (x + y) + z</command>
                <description>Multiple XOR normalization</description>
                <result>xyz|xy'z'|x'yz'|x'y'z - Sum of products form</result>
            </example>
            <example>
                <command>(x | y) &amp; z</command>
                <description>Combination of AND and OR</description>
                <result>xz|yz</result>
                <explanation>Parentheses control evaluation order - OR first, then AND</explanation>
            </example>
            <example>
                <command>x &amp; y | z</command>
                <description>Operator precedence</description>
                <result>xy|z</result>
                <explanation>AND has higher precedence than OR</explanation>
            </example>
            <example>
                <command>(x + y) &amp; z'</command>
                <description>XOR, AND, and NOT combination</description>
                <result>x'yz'|xy'z'</result>
                <explanation>XOR expands first, then AND with NOT following operator precedence</explanation>
            </example>
            <example>
                <command>n (x + y)</command>
                <description>XOR expansion</description>
                <result>x'y|xy'</result>
                <explanation>XOR expands to sum of products form</explanation>
            </example>
            <example>
                <command>(x + y)' &amp; z</command>
                <description>NOT on XOR with AND</description> 
                <result>(xy|x'y')z</result>
                <explanation>NOT over XOR has highest precedence, then AND</explanation>
            </example>
        </examples>
        <parameters>
            <parameter>
                <name>&amp;</name>
                <description>AND operator (shows as concatenation)</description>
            </parameter>
            <parameter>
                <name>|</name>
                <description>OR operator</description>
            </parameter>
            <parameter>
                <name>'</name>
                <description>NOT operator (negation)</description>
            </parameter>
            <parameter>
                <name>+</name>
                <description>XOR operator</description>
            </parameter>
        </parameters>
        <relatedTopics>
            <topic>normal-forms</topic>
            <topic>formula-basics</topic>
            <topic>boolean-algebra</topic>
        </relatedTopics>
        <category>Core Concepts</category>
    </entry>

    <entry id="terms-vs-formulas">
        <title>Terms vs Formulas Distinction</title>
        <description>
In Tau, there is a fundamental distinction between terms and formulas:

Terms:
- Basic building blocks using operators &amp;, |, ', +
- Combine variables and constants with term operators
- Examples: x|y, xy (x&amp;y), x', x+y
- Can be used in formula equality tests

Formulas:
- Built from terms using =, !=, &amp;&amp;, ||, !
- Express relationships between terms
- Basic form: term = 0
- Example: (x|y) = 0, x = 0 || y = 0
- Can be combined with &amp;&amp; and ||</description>
        <examples>
            <example>
                <command>x | y</command>
                <description>Term-level OR</description>
                <result>x|y</result>
                <explanation>Term using OR operator</explanation>
            </example>
            <example>
                <command>x = 0 || y = 0</command>
                <description>Formula-level OR</description>
                <result>x = 0 || y = 0</result>
                <explanation>Formula combining term equalities with OR</explanation>
            </example>
        </examples>
        <parameters>
            <parameter>
                <name>Term operators</name>
                <description>&amp;, |, ', + for combining values</description>
            </parameter>
            <parameter>
                <name>Formula operators</name>
                <description>=, !=, &amp;&amp;, ||, ! for relationships</description>
            </parameter>
        </parameters>
        <relatedTopics>
            <topic>boolean-algebra</topic>
            <topic>formula-basics</topic>
            <topic>term-operations</topic>
        </relatedTopics>
        <category>Core Concepts</category>
    </entry>

    <entry id="constants-and-types">
        <title>Constants and Type System</title>
        <description>
The type system in Tau provides a way to ensure logical consistency and correctness of expressions through strong typing rules and constant management. This system helps prevent logical errors and maintains clear semantics for different kinds of expressions.

Constants and types form the foundation of Tau expressions. Constants can be uninterpreted (&lt;:name&gt;), typed ({expr}:type), or Boolean algebra constants. The type system distinguishes between Simple Boolean Functions (sbf) and Temporal expressions (tau).

Key concepts:
- Uninterpreted constants represent unknown values
- Type annotations specify expression domains
- Constants work in formulas and constraints
- Type mixing follows strict rules
- Type preservation in functions

Type system rules:
- SBF type for pure Boolean operations
- TAU type for temporal expressions
- No mixing between different types
- Explicit type annotations required
- Constants inherit types from context
        </description>
        <examples>
            <example>
                <command>&lt;:a&gt;</command>
                <description>Uninterpreted constant</description>
                <result>Creates existentially quantified constant</result>
            </example>
            <example>
                <command>{x &amp; y}:sbf</command>
                <description>SBF type constant</description>
                <result>Boolean function with AND operation</result>
            </example>
            <example>
                <command>{o1[t] = i1[t]}:tau</command>
                <description>TAU type constant</description>
                <result>Temporal expression as constant</result>
            </example>
            <example>
                <command>{ ex x ex y (x &amp; y) = 0 }:tau</command>
                <description>Complex constant</description>
                <result>Quantified formula as constant</result>
            </example>
        </examples>
        <parameters>
            <parameter>
                <name>&lt;:name&gt;</name>
                <description>Uninterpreted constant syntax</description>
            </parameter>
            <parameter>
                <name>{expr}:type</name>
                <description>Typed constant expression</description>
            </parameter>
            <parameter>
                <name>:sbf</name>
                <description>Simple Boolean Function type</description>
            </parameter>
            <parameter>
                <name>:tau</name>
                <description>Temporal algebra type</description>
            </parameter>
        </parameters>
        <relatedTopics>
            <topic>type-system</topic>
            <topic>formula-basics</topic>
            <topic>functions</topic>
        </relatedTopics>
        <category>Core Concepts</category>
    </entry>

    <entry id="formula-basics">
        <title>Formula Operations</title>
        <description>
Formula operations in Tau provide the foundation for expressing logical statements and relationships. Understanding the distinction between terms and formulas is crucial for effective use of the language.

Formulas in Tau represent logical relationships through:
- Term equality (= 0)
- Term inequality (!= 0)
- Logical connectives (&amp;&amp;, ||, ^, !)
- Direct comparisons (x = y)
- Complex relationships

Key differences from terms:
- Formulas use = 0 for term comparison
- Formula negation uses ! (not ')
- Formulas combine with &amp;&amp; and || and ^ (not &amp; and | and +)
- Formulas evaluate to T (true) or F (false)
- Formulas can contain quantifiers

Formula structure:
- Basic forms: term = 0
- Compound forms: formula &amp;&amp; formula
- Negated forms: !formula
- Implications: formula -&gt; formula
- Equivalences: formula &lt;-&gt; formula
        </description>
        <examples>
            <example>
                <command>x = 0</command>
                <description>Basic equality</description>
                <result>x = 0</result>
            </example>
            <example>
                <command>x != y</command>
                <description>Inequality</description>
                <result>x'y|xy' = 0</result>
            </example>
            <example>
                <command>(x &amp; y) = 0</command>
                <description>Complex equality</description>
                <result>xy = 0</result>
            </example>
            <example>
                <command>!(x = 0)</command>
                <description>Formula negation</description>
                <result>x != 0</result>
            </example>
        </examples>
        <parameters>
            <parameter>
                <name>=</name>
                <description>Equality operator (with 0)</description>
            </parameter>
            <parameter>
                <name>!=</name>
                <description>Inequality operator</description>
            </parameter>
            <parameter>
                <name>&amp;&amp;</name>
                <description>Logical AND between formulas</description>
            </parameter>
            <parameter>
                <name>||</name>
                <description>Logical OR between formulas</description>
            </parameter>
            <parameter>
                <name>^</name>
                <description>Logical exclusive OR (XOR) between formulas</description>
            </parameter>
            <parameter>
                <name>!</name>
                <description>Formula negation</description>
            </parameter>
        </parameters>
        <relatedTopics>
            <topic>boolean-basics</topic>
            <topic>formula-patterns</topic>
            <topic>normal-forms</topic>
        </relatedTopics>
        <category>Core Concepts</category>
    </entry>

    <entry id="functions-and-recursion">
        <title>Functions and Recursion</title>
        <description>
Functions in Tau serve as reusable components for logical operations, allowing you to build complex operations from simpler ones. The recursive capabilities enable handling of iterative logical patterns efficiently.

Functions in Tau provide reusable logical components:
- Definition using := operator
- Optional recursion with [n] notation
- Parameter passing
- Type preservation
- Automatic optimization

Key concepts:
- Function definition syntax
- Recursive base cases [0]
- Recursive step cases [n]
- Parameter scoping rules
- Return type handling

Function categories:
- Term functions (return terms)
- Formula functions (return formulas)
- Recursive functions
- Type-specific functions
- Higher-order functions
        </description>
        <examples>
            <example>
                <command>simpleFunc(x,y) := x &amp; y</command>
                <description>Basic function</description>
                <result>Term function returning conjunction</result>
            </example>
            <example>
                <command>pred[0](x,y) := x = y
pred[n](x,y) := pred[n-1](y,x)</command>
                <description>Recursive predicate</description>
                <result>Base and recursive cases</result>
            </example>
            <example>
                <command>inner(x) := x &amp; x</command>
                <description>Optimized function</description>
                <result>Simplified to just x</result>
            </example>
        </examples>
        <parameters>
            <parameter>
                <name>:=</name>
                <description>Function definition operator</description>
            </parameter>
            <parameter>
                <name>[n]</name>
                <description>Recursive case index</description>
            </parameter>
            <parameter>
                <name>[0]</name>
                <description>Base case index</description>
            </parameter>
        </parameters>
        <relatedTopics>
            <topic>types</topic>
            <topic>recursion</topic>
            <topic>optimization</topic>
        </relatedTopics>
        <category>Core Concepts</category>
    </entry>

    <entry id="variables-and-io">
        <title>Variables and I/O</title>
        <description>
Variables and I/O operations form the interface between Tau programs and their environment. Understanding how to properly declare and use variables, especially with I/O operations, is essential for creating practical applications.

Variables in Tau include:
- Regular variables (single letters, names)
- I/O variables (i{num}, o{num})
- Time references ([t], [t-n])
- Uninterpreted constants
- Typed variables

I/O configuration:
- Console-based interaction
- File-based processing
- Mixed I/O modes
- Stream configuration
- Error handling

Key concepts:
- Variable naming rules
- I/O variable conventions
- Time reference syntax
- Type inheritance
- Scope rules
        </description>
        <examples>
            <example>
                <command>tau i1 = console
tau o1 = console</command>
                <description>Console I/O setup</description>
                <result>Interactive console mode</result>
            </example>
            <example>
                <command>sbf i2 = ifile("input.in")
sbf o2 = ofile("output.out")</command>
                <description>File I/O setup</description>
                <result>File processing mode</result>
            </example>
            <example>
                <command>o1[t] = i1[t-1]</command>
                <description>Time reference</description>
                <result>Output follows input with delay</result>
            </example>
        </examples>
        <parameters>
            <parameter>
                <name>i{num}</name>
                <description>Input variable pattern</description>
            </parameter>
            <parameter>
                <name>o{num}</name>
                <description>Output variable pattern</description>
            </parameter>
            <parameter>
                <name>[t]</name>
                <description>Current time reference</description>
            </parameter>
            <parameter>
                <name>[t-n]</name>
                <description>Past time reference</description>
            </parameter>
        </parameters>
        <relatedTopics>
            <topic>constants</topic>
            <topic>types</topic>
            <topic>execution</topic>
        </relatedTopics>
        <category>Core Concepts</category>
    </entry>

    <!-- REPL Environment -->
    <entry id="repl-commands">
        <title>REPL Commands and Settings</title>
        <description>
The REPL (Read-Eval-Print Loop) environment provides an interactive interface for working with Tau. It offers comprehensive command-line tools for development, debugging, and system control.

Complete command set for Tau REPL control:
- History management (hist, %, %-n)
- Screen control (clear, cls)
- Help access (help, h [topic])
- Settings (set, toggle, enable, disable)
- Debug features (debug, trace)
- Session control (quit, exit)

Setting options:
- color: Syntax highlighting
- debug: Debug output
- trace: Execution tracing
- indent: Output formatting
- status: Status line display

History features:
- Access previous commands (%)
- Reference by number (%n)
- Relative references (%-n)
- History listing (hist)
- History search
        </description>
        <examples>
            <example>
                <command>hist</command>
                <description>Show history</description>
                <result>Displays command history</result>
            </example>
            <example>
                <command>%</command>
                <description>Last command</description>
                <result>Repeats last command</result>
            </example>
            <example>
                <command>%-2</command>
                <description>Previous command</description>
                <result>Two commands back</result>
            </example>
            <example>
                <command>toggle color</command>
                <description>Toggle setting</description>
                <result>Switches color mode</result>
            </example>
        </examples>
        <parameters>
            <parameter>
                <name>hist, h</name>
                <description>History command</description>
            </parameter>
            <parameter>
                <name>clear, c</name>
                <description>Clear screen</description>
            </parameter>
            <parameter>
                <name>help</name>
                <description>Help system</description>
            </parameter>
            <parameter>
                <name>toggle</name>
                <description>Toggle settings</description>
            </parameter>
            <parameter>
                <name>quit, q</name>
                <description>Exit REPL</description>
            </parameter>
        </parameters>
        <relatedTopics>
            <topic>execution</topic>
            <topic>debugging</topic>
            <topic>settings</topic>
        </relatedTopics>
        <category>REPL Environment</category>
    </entry>

        <entry id="execution-control">
        <title>Execution Control</title>
        <description>
Execution control features allow precise management of how Tau programs run, enabling both automated execution and careful step-by-step analysis of program behavior.

Program execution features:
- Start/stop control
- Step-by-step execution
- State monitoring
- Debug controls
- Flow management

Key capabilities:
- Program initialization
- Single stepping
- State inspection
- Breakpoint control
- Execution flow

Control commands:
- run/r: Start execution
- step/n: Single step
- quit/q: Stop execution
- debug/d: Debug mode
- trace/t: Trace execution</description>
        <examples>
            <example>
                <command>r program</command>
                <description>Run program</description>
                <result>Starts execution</result>
            </example>
            <example>
                <command>n</command>
                <description>Next step</description>
                <result>Single step execution</result>
            </example>
            <example>
                <command>debug on</command>
                <description>Enable debug</description>
                <result>Activates debugging</result>
            </example>
        </examples>
        <parameters>
            <parameter>
                <name>r, run</name>
                <description>Start execution</description>
            </parameter>
            <parameter>
                <name>n, step</name>
                <description>Single step</description>
            </parameter>
            <parameter>
                <name>q, quit</name>
                <description>Stop execution</description>
            </parameter>
            <parameter>
                <name>debug</name>
                <description>Debug mode</description>
            </parameter>
        </parameters>
        <relatedTopics>
            <topic>debugging</topic>
            <topic>repl-commands</topic>
            <topic>program-control</topic>
        </relatedTopics>
        <category>REPL Environment</category>
    </entry>

    <!-- Advanced Operations -->
    <entry id="normal-forms">
        <title>Normal Forms</title>
        <description>
Normal forms are standardized ways of representing logical expressions that make them easier to analyze and compare. Each normal form serves specific purposes in logical reasoning and verification.

Normal forms provide standardized representations:
- Conjunctive Normal Form (CNF)
- Disjunctive Normal Form (DNF)
- Negation Normal Form (NNF)
- Strong Normal Form (SNF)
- Ordered Normal Form (ONF)

Key concepts:
- Form selection based on needs
- Transformation rules
- Preservation of semantics
- Optimization opportunities 
- Comparison facilitation

Applications:
- Expression comparison
- Equivalence checking
- Satisfiability testing
- Optimization
- Canonical forms

Each normal form serves specific purposes:
- CNF: Useful for SAT solving
- DNF: Better for human reading
- NNF: Pushes negation to variables
- SNF: Preserves typing information
- ONF: Orders variables consistently</description>
        <examples>
            <example>
                <command>dnf x &amp; (y | z)</command>
                <description>DNF conversion</description>
                <result>(x &amp; y) | (x &amp; z)</result>
            </example>
            <example>
                <command>cnf x | (y &amp; z)</command>
                <description>CNF conversion</description>
                <result>(x | y) &amp; (x | z)</result>
            </example>
            <example>
                <command>nnf !(x &amp; y)</command>
                <description>NNF conversion</description>
                <result>!x | !y</result>
            </example>
            <example>
                <command>snf {x}:sbf x != 0</command>
                <description>SNF conversion</description>
                <result>Type-preserving normal form</result>
            </example>
        </examples>
        <parameters>
            <parameter>
                <name>dnf</name>
                <description>Convert to DNF</description>
            </parameter>
            <parameter>
                <name>cnf</name>
                <description>Convert to CNF</description>
            </parameter>
            <parameter>
                <name>nnf</name>
                <description>Convert to NNF</description>
            </parameter>
            <parameter>
                <name>snf</name>
                <description>Convert to SNF</description>
            </parameter>
            <parameter>
                <name>onf</name>
                <description>Convert to ONF</description>
            </parameter>
        </parameters>
        <relatedTopics>
            <topic>transformations</topic>
            <topic>optimization</topic>
            <topic>verification</topic>
        </relatedTopics>
        <category>Advanced Operations</category>
    </entry>

    <entry id="temporal-logic">
        <title>Temporal Logic Operations</title>
        <description>
Temporal logic extends classical logic to reason about time-dependent properties. In Tau, temporal operators allow specification of behaviors that must hold over time sequences.

Temporal logic in Tau enables reasoning about time:
- Universal always ([]) operator
- Existential sometimes (&lt;&gt;) operator
- Past value references [t-n]
- Single temporal scope rule
- Causality preservation

Key restrictions:
- No nested temporal operators
- No future references
- No temporal-quantifier mixing
- Single scope per formula
- Proper causality maintenance

Common patterns:
- Always properties
- Eventually properties
- Past dependencies
- State transitions
- Temporal implications

Important rules:
- Each specification has one temporal scope
- Cannot nest temporal operators
- Can reference past values
- Must maintain causality
- No future time references</description>
        <examples>
            <example>
                <command>always o1[t] = 0</command>
                <description>Always property</description>
                <result>Output is constantly zero</result>
            </example>
            <example>
                <command>sometimes o1[t] = i1[t-1]</command>
                <description>Eventually property</description>
                <result>Output eventually equals previous input</result>
            </example>
            <example>
                <command>always (o1[t-1] = 1 -&gt; o1[t] = 0)</command>
                <description>Transition property</description>
                <result>After 1, output becomes 0</result>
            </example>
            <example>
                <command>([] o1[t] &amp; i1[t] = 0) &amp;&amp; (&lt;&gt; o1[t] = i1[t]')</command>
                <description>Combined temporal/logical specification</description>
                <result>Output and input are always disjoint, and sometimes output is input's complement</result>
            </example>
            <example>
                <command>all x (always o1[t] = x)</command>
                <description>Invalid quantifier mixing</description>
                <result>Error: Non-temporal quantifier cannot capture variable appearing in scoped temporal subformula</result>
            </example>
        </examples>
        <parameters>
            <parameter>
                <name>always, []</name>
                <description>Universal temporal quantifier</description>
            </parameter>
            <parameter>
                <name>sometimes, &lt;&gt;</name>
                <description>Existential temporal quantifier</description>
            </parameter>
            <parameter>
                <name>[t-n]</name>
                <description>Past time reference</description>
            </parameter>
        </parameters>
        <relatedTopics>
            <topic>specification</topic>
            <topic>temporal-operators</topic>
            <topic>execution</topic>
        </relatedTopics>
        <category>Advanced Operations</category>
    </entry>

    <entry id="quantifiers-advanced">
        <title>Advanced Quantifier Usage</title>
        <description>
Advanced quantifier operations include:
- Nested quantifiers
- Quantifier elimination
- Scope management
- Skolemization
- Quantifier patterns

Key concepts:
- Quantifier precedence
- Variable binding
- Scope limitations
- Normal forms
- Optimization techniques

Usage patterns:
- Existential-Universal nesting
- Universal-Existential nesting
- Multiple variable binding
- Elimination strategies
- Simplification rules</description>
        <examples>
            <example>
                <command>ex x all y (x + y = 0)</command>
                <description>Nested quantifiers</description>
                <result>Shows existential followed by universal</result>
            </example>
            <example>
                <command>all x ex y (x = y)</command>
                <description>Universal-Existential</description>
                <result>For all x exists matching y</result>
            </example>
            <example>
                <command>qelim ex x (x &amp; y = z)</command>
                <description>Quantifier elimination</description>
                <result>Removes existential quantifier</result>
            </example>
        </examples>
        <parameters>
            <parameter>
                <name>ex</name>
                <description>Existential quantifier</description>
            </parameter>
            <parameter>
                <name>all</name>
                <description>Universal quantifier</description>
            </parameter>
            <parameter>
                <name>qelim</name>
                <description>Quantifier elimination</description>
            </parameter>
        </parameters>
        <relatedTopics>
            <topic>formula-basics</topic>
            <topic>normal-forms</topic>
            <topic>optimization</topic>
        </relatedTopics>
        <category>Advanced Operations</category>
    </entry>

    <entry id="advanced-constants">
        <title>Advanced Constant Operations</title>
        <description>
Advanced constant operations provide sophisticated ways to handle unknown values and constraints in logical expressions. These features enable complex modeling and verification tasks.

Advanced usage of constants includes:
- Complex constraint patterns
- Type interaction rules
- Constant propagation
- Optimization techniques
- Implementation details

Key concepts:
- Constant folding
- Type inference
- Constraint solving
- Pattern matching
- Normalization rules

Advanced features:
- Self-referential definitions
- Complex type interactions
- Constraint-based usage
- Implementation specifics
- Optimization strategies</description>
        <examples>
            <example>
                <command>{&lt;:a&gt; = 0} x = y</command>
                <description>Constrained equality</description>
                <result>Equality under constraint</result>
            </example>
            <example>
                <command>{&lt;:a&gt; = &lt;:b&gt;} x = y</command>
                <description>Complex constraint</description>
                <result>Equality with constant relation</result>
            </example>
            <example>
                <command>n (&lt;:a&gt; + x = 0)</command>
                <description>Constant normalization</description>
                <result>Shows normalized form with constant</result>
            </example>
        </examples>
        <parameters>
            <parameter>
                <name>constraint</name>
                <description>Constant constraint patterns</description>
            </parameter>
            <parameter>
                <name>propagation</name>
                <description>Constant propagation rules</description>
            </parameter>
            <parameter>
                <name>optimization</name>
                <description>Optimization techniques</description>
            </parameter>
        </parameters>
        <relatedTopics>
            <topic>constants-and-types</topic>
            <topic>optimization</topic>
            <topic>normal-forms</topic>
        </relatedTopics>
        <category>Advanced Operations</category>
    </entry>

    <entry id="logical-operations">
        <title>Logical Operations</title>
        <description>
Core logical operations for analyzing and solving Tau formulas, including satisfiability checking, validity testing, and quantifier elimination.

Key operations:
- Satisfiability checking (sat)
- Validity testing (valid)
- Unsatisfiability checking (unsat)
- Solution finding (solve)
- Quantifier elimination (qelim)

Important concepts:
- Formula analysis methods
- Equation system solving
- Quantifier manipulation
- Logical relationship verification</description>
        <examples>
            <example>
                <command>sat x &amp; x' = 0</command>
                <description>Check satisfiability</description>
                <result>Tests if formula has a satisfying assignment</result>
            </example>
            <example>
                <command>valid x | x' = 1</command>
                <description>Check validity</description>
                <result>Tests if formula is true under all assignments</result>
            </example>
            <example>
                <command>solve x &amp; y = z</command>
                <description>Solve equation</description>
                <result>Finds solution for equation system</result>
            </example>
            <example>
                <command>qelim ex x (x &amp; y = z)</command>
                <description>Eliminate quantifiers</description>
                <result>Removes quantifiers from formula</result>
            </example>
        </examples>
        <parameters>
            <parameter>
                <name>sat</name>
                <description>Check formula satisfiability</description>
            </parameter>
            <parameter>
                <name>valid</name>
                <description>Check formula validity</description>
            </parameter>
            <parameter>
                <name>unsat</name>
                <description>Check formula unsatisfiability</description>
            </parameter>
            <parameter>
                <name>solve</name>
                <description>Find solution to equation system</description>
            </parameter>
            <parameter>
                <name>qelim</name>
                <description>Eliminate quantifiers from formula</description>
            </parameter>
        </parameters>
        <relatedTopics>
            <topic>formula</topic>
            <topic>expression-manipulation</topic>
            <topic>normal-forms</topic>
            <topic>logical-relationships</topic>
        </relatedTopics>
        <category>Advanced Operations</category>
    </entry>

    <entry id="expression-manipulation">
        <title>Expression Manipulation</title>
        <description>
Commands for manipulating and transforming Tau expressions through substitution, instantiation, and formula partitioning (splitters).

Key features:
- Expression substitution with subst/s
- Variable instantiation with inst/i
- Formula partitioning using splitters
- Complex expression transformations</description>
        <examples>
            <example>
                <command>subst (x &amp; y) [y/(z | w)]</command>
                <description>Expression substitution</description>
                <result>Replace subexpression</result>
            </example>
            <example>
                <command>instantiate x&amp;y [x/1]</command>
                <description>Variable instantiation</description>
                <result>Replace variable with value</result>
            </example>
            <example>
                <command>{ex a a = 0} x != 0 &amp;&amp; {ex b b = 0} x != 0</command>
                <description>Complex splitter usage</description>
                <result>Partition with existential quantifiers using a splitter</result>
            </example>
        </examples>
        <parameters>
            <parameter>
                <name>subst, s</name>
                <description>Substitution command and alias</description>
            </parameter>
            <parameter>
                <name>inst, i</name>
                <description>Instantiation command and alias</description>
            </parameter>
        </parameters>
        <relatedTopics>
            <topic>normal-forms</topic>
            <topic>variables</topic>
            <topic>constants</topic>
            <topic>logical-operations</topic>
        </relatedTopics>
        <category>Advanced Operations</category>
    </entry>

    <entry id="splitter-interactions">
        <title>Splitter Operations and Error Handling</title>
        <description>
Understanding how to properly use splitters and handle errors in splitter expressions and uninterpreted constant interactions.

Key concepts:
- Splitter scoping rules
- Constant propagation in splitters
- Multiple constraint composition
- Constraint inheritance
- Evaluation order

Common issues:
- Conflicting constant assignments
- Invalid splitter nesting
- Scope violations
- Type mismatches in splitters
- Constraint contradictions

Interaction patterns:
- Nested splitter constraints
- Cross-splitter references
- Constant scope management
- Constraint propagation rules
- Simplification mechanisms</description>
        <examples>
            <example>
                <command>{&lt;:a&gt; = 0} {&lt;:a&gt; = 1} x = y</command>
                <description>Contradictory constraints</description>
                <result>Error: Conflicting constant assignments</result>
            </example>
            <example>
                <command>{&lt;:a&gt; = &lt;:b&gt;} {&lt;:b&gt; = &lt;:c&gt;} x = y</command>
                <description>Transitive constant constraints</description>
                <result>Demonstrates constraint propagation across splitters</result>
            </example>
            <example>
                <command>n ({&lt;:a&gt; = 0} x = y) &amp;&amp; ({&lt;:a&gt; = 1} y = z)</command>
                <description>Contradictory constraints</description>
                <result>Shows handling of conflicting constant assignments</result>
            </example>
            <example>
                <command>{&lt;:a&gt;}:tau &amp; {&lt;:b&gt;}:sbf</command>
                <description>Type mismatch</description>
                <result>Error: Cannot mix tau and sbf types</result>
            </example>
        </examples>
        <parameters>
            <parameter>
                <name>splitter scope</name>
                <description>Defines constraint visibility</description>
            </parameter>
            <parameter>
                <name>constant binding</name>
                <description>Controls constant value assignments</description>
            </parameter>
            <parameter>
                <name>constraint composition</name>
                <description>Rules for combining multiple constraints</description>
            </parameter>
        </parameters>
        <relatedTopics>
            <topic>constants-and-types</topic>
            <topic>formula-manipulation</topic>
            <topic>constraint-solving</topic>
        </relatedTopics>
        <category>Advanced Operations</category>
    </entry>

    <!-- Analysis & Debug -->
    <entry id="verification">
        <title>Verification Tools</title>
        <description>
Verification tools in Tau provide powerful mechanisms for proving properties about logical expressions and systems. These tools help ensure correctness and find potential issues.

Verification capabilities include:
- Satisfiability checking
- Validity testing
- Equivalence proving
- Property verification
- Invariant checking

Key features:
- SAT solving
- Tautology checking
- Contradiction detection
- Property proving
- Model checking

Verification commands:
- sat: Check satisfiability
- valid: Test validity
- unsat: Check unsatisfiability
- solve: Find solutions
- verify: Check properties</description>
        <examples>
            <example>
                <command>sat x &amp; x' = 0</command>
                <description>Satisfiability check</description>
                <result>Tests if formula has solution</result>
            </example>
            <example>
                <command>valid x | x' = 1</command>
                <description>Validity check</description>
                <result>Tests if formula is tautology</result>
            </example>
            <example>
                <command>unsat x &amp; x'</command>
                <description>Unsatisfiability check</description>
                <result>Tests if formula is contradiction</result>
            </example>
        </examples>
        <parameters>
            <parameter>
                <name>sat</name>
                <description>Satisfiability check</description>
            </parameter>
            <parameter>
                <name>valid</name>
                <description>Validity check</description>
            </parameter>
            <parameter>
                <name>unsat</name>
                <description>Unsatisfiability check</description>
            </parameter>
            <parameter>
                <name>solve</name>
                <description>Solution finder</description>
            </parameter>
        </parameters>
        <relatedTopics>
            <topic>normal-forms</topic>
            <topic>optimization</topic>
            <topic>debugging</topic>
        </relatedTopics>
        <category>Analysis &amp; Debug</category>
    </entry>

    <entry id="debugging">
        <title>Debugging Tools and Techniques</title>
        <description>
Debugging tools provide comprehensive facilities for understanding and fixing issues in Tau programs. These features help track down logical errors and unexpected behaviors.

Debugging features provide:
- Value inspection
- Execution tracing
- State monitoring
- Error tracking
- Flow analysis

Key capabilities:
- Step-by-step execution
- Variable watching
- State inspection
- Error detection
- Flow control

Debug commands:
- debug: Enter debug mode
- step: Single step
- watch: Monitor variables
- trace: Show execution
- break: Set breakpoints</description>
        <examples>
            <example>
                <command>debug on</command>
                <description>Enable debugging</description>
                <result>Activates debug mode</result>
            </example>
            <example>
                <command>step</command>
                <description>Single step</description>
                <result>Execute one step</result>
            </example>
            <example>
                <command>watch x</command>
                <description>Watch variable</description>
                <result>Monitor variable x</result>
            </example>
        </examples>
        <parameters>
            <parameter>
                <name>debug</name>
                <description>Debug mode control</description>
            </parameter>
            <parameter>
                <name>step</name>
                <description>Step execution</description>
            </parameter>
            <parameter>
                <name>watch</name>
                <description>Variable watching</description>
            </parameter>
            <parameter>
                <name>trace</name>
                <description>Execution tracing</description>
            </parameter>
        </parameters>
        <relatedTopics>
            <topic>execution-control</topic>
            <topic>verification</topic>
            <topic>error-handling</topic>
        </relatedTopics>
        <category>Analysis &amp; Debug</category>
    </entry>

    <!-- Application Categories -->
    <entry id="blockchain-verification">
        <title>Blockchain Verification Patterns</title>
        <description>
Blockchain verification patterns provide specialized constructs for ensuring correctness of blockchain-based systems. These patterns help verify crucial properties of distributed consensus and state management.

Patterns for blockchain verification:
- Block validation
- Chain properties
- Consensus rules
- Finality conditions
- Safety properties

Key concepts:
- Block structure
- Chain invariants
- Consensus rules
- Finality proofs
- Safety verification

Common patterns:
- Block validation
- Chain consistency
- Consensus verification
- Finality checking
- Safety proofs</description>
        <examples>
            <example>
                <command>validBlock(b) := b.height = prev.height + 1 &amp; b.prevHash = hash(prev)</command>
                <description>Block validation</description>
                <result>Basic block validation rules</result>
            </example>
            <example>
                <command>consensus(n1,n2) := decided(n1) &amp; decided(n2) -&gt; value(n1) = value(n2)</command>
                <description>Consensus property</description>
                <result>Agreement between nodes</result>
            </example>
        </examples>
        <parameters>
            <parameter>
                <name>block</name>
                <description>Block reference</description>
            </parameter>
            <parameter>
                <name>chain</name>
                <description>Chain properties</description>
            </parameter>
            <parameter>
                <name>consensus</name>
                <description>Consensus rules</description>
            </parameter>
        </parameters>
        <relatedTopics>
            <topic>verification</topic>
            <topic>temporal-logic</topic>
            <topic>smart-contracts</topic>
        </relatedTopics>
        <category>Applications</category>
    </entry>

    <entry id="smart-contracts">
        <title>Smart Contract Specifications</title>
        <description>
Smart contract specifications enable formal verification of contract behavior and properties. These patterns help ensure contract correctness and security.

Specifications for smart contracts:
- Token standards
- Ownership rules
- State transitions
- Access control
- Safety properties

Key concepts:
- Token behavior
- Access rules
- State management
- Invariants
- Safety checks

Common patterns:
- Token transfers
- Access control
- State updates
- Balance tracking
- Event handling</description>
        <examples>
            <example>
                <command>validTransfer(from,to,amount) := balanceOf(from) &gt;= amount &amp; amount &gt; 0</command>
                <description>Transfer validation</description>
                <result>Basic transfer rules</result>
            </example>
            <example>
                <command>transferSpec(token) := always (transfer(from,to,amount) -&gt; eventually newBalance = oldBalance - amount)</command>
                <description>Transfer specification</description>
                <result>Balance update rules</result>
            </example>
        </examples>
        <parameters>
            <parameter>
                <name>token</name>
                <description>Token reference</description>
            </parameter>
            <parameter>
                <name>transfer</name>
                <description>Transfer operation</description>
            </parameter>
            <parameter>
                <name>balance</name>
                <description>Balance tracking</description>
            </parameter>
        </parameters>
        <relatedTopics>
            <topic>blockchain-verification</topic>
            <topic>temporal-logic</topic>
            <topic>verification</topic>
        </relatedTopics>
        <category>Applications</category>
    </entry>

    <entry id="dao-governance">
        <title>DAO Governance Specifications</title>
        <description>
Specifications for DAO governance:
- Voting mechanisms
- Proposal lifecycle
- Quorum requirements
- Delegation rules
- Time constraints

Key concepts:
- Proposal validation
- Vote counting
- Quorum checking
- Time management
- Access control

Implementation patterns:
- Vote tracking
- Proposal states
- Delegation chains
- Time references
- Power calculation</description>
        <examples>
            <example>
                <command>validProposal(p) := p.startTime &lt; p.endTime &amp; p.threshold &gt; 0</command>
                <description>Proposal validation</description>
                <result>Basic proposal rules</result>
            </example>
            <example>
                <command>quorumCheck(p) := sumVotes(p) &gt;= p.threshold &amp; currentTime &gt;= p.endTime</command>
                <description>Quorum validation</description>
                <result>Voting threshold check</result>
            </example>
        </examples>
        <parameters>
            <parameter>
                <name>proposal</name>
                <description>Governance proposal</description>
            </parameter>
            <parameter>
                <name>votes</name>
                <description>Vote collection</description>
            </parameter>
            <parameter>
                <name>quorum</name>
                <description>Quorum requirements</description>
            </parameter>
        </parameters>
        <relatedTopics>
            <topic>smart-contracts</topic>
            <topic>temporal-logic</topic>
            <topic>real-time-democracy</topic>
        </relatedTopics>
        <category>Applications</category>
    </entry>

    <entry id="concurrent-systems">
        <title>Concurrent System Specifications</title>
        <description>
Concurrent system specifications help verify correctness of parallel and distributed computations. These patterns address common challenges in concurrent programming.

Specifications for concurrent systems:
- Mutual exclusion
- Resource allocation
- Message passing
- Synchronization
- Safety properties

Key concepts:
- Lock management
- Resource sharing
- Message ordering
- State consistency
- Race prevention

Common patterns:
- Mutex specs
- Queue properties
- Channel behavior
- State invariants
- Safety checks</description>
        <examples>
            <example>
                <command>mutexSpec(m) := always (!hasLock(t1,m) | !hasLock(t2,m))</command>
                <description>Mutex specification</description>
                <result>Mutual exclusion property</result>
            </example>
            <example>
                <command>messageOrder(chan) := always (send(m1) &amp; send(m2) &amp; (m1 &lt; m2) -&gt; eventually (recv(m1) &lt; recv(m2)))</command>
                <description>Message ordering</description>
                <result>FIFO property</result>
            </example>
        </examples>
        <parameters>
            <parameter>
                <name>mutex</name>
                <description>Mutual exclusion</description>
            </parameter>
            <parameter>
                <name>channel</name>
                <description>Communication channel</description>
            </parameter>
            <parameter>
                <name>resource</name>
                <description>Shared resource</description>
            </parameter>
        </parameters>
        <relatedTopics>
            <topic>temporal-logic</topic>
            <topic>verification</topic>
            <topic>safety-properties</topic>
        </relatedTopics>
        <category>Applications</category>
    </entry>

    <entry id="common-errors">
        <title>Common Errors and How to Fix Them</title>
        <description>When working with Tau, certain patterns can lead to errors. This guide helps you understand and avoid common mistakes.

    Common error sources:
    - Mixing term and formula operators
    - Incorrect operator precedence
    - Invalid syntax combinations
    - Missing parentheses</description>
        <examples>
            <example>
                <command>x -&gt; y</command>
                <description>Incorrect implication syntax</description>
                <result>Error: Use proper formula construction instead</result>
            </example>
            <example>
                <command>x = y = 0</command>
                <description>Invalid equality chain</description>
                <result>Error: Use (x = 0) &amp;&amp; (y = 0) instead</result>
            </example>
            <example>
                <command>x &amp; y || z</command>
                <description>Mixing term and formula operators</description>
                <result>Error: Use consistent operator level (either terms or formulas)</result>
            </example>
            <example>
                <command>!x'</command>
                <description>Mixing formula and term negation</description>
                <result>Error: Choose either formula (!) or term (') negation</result>
            </example>
        </examples>
        <parameters>
            <parameter>
                <name>term level</name>
                <description>Use &amp;, |, ', + for term operations</description>
            </parameter>
            <parameter>
                <name>formula level</name>
                <description>Use &amp;&amp;, ||, !, = 0 for formula operations</description>
            </parameter>
        </parameters>
        <relatedTopics>
            <topic>boolean-algebra</topic>
            <topic>formula-basics</topic>
            <topic>common-transformations</topic>
        </relatedTopics>
        <category>Troubleshooting</category>
    </entry>
        <entry id="syntax-troubleshooting">
        <title>Common Syntax Issues and Solutions</title>
        <description>When working with Tau, certain syntax patterns can lead to errors. Understanding these common issues and their proper solutions is essential for effective use of the language.

    Key restrictions:
    - Only space characters are allowed for whitespace
    - No line breaks within expressions
    - No tabs or special characters
    - Type declarations require precise formatting</description>
        <examples>
            <example>
                <command>n (!x || y)</command>
                <description>Incorrect formula-level OR usage</description>
                <result>Error: Syntax Error: Unexpected '|'
    Solution: Define implication as function: implies(x,y) := x' | y</result>
            </example>
            <example>
                <command>{x = 0} &amp;&amp; {y = 0}</command>
                <description>Incorrect splitter combination</description>
                <result>Error: Syntax Error: Unexpected '&amp;&amp;'
    Solution: Use proper formula construction or define as function</result>
            </example>
            <example>
                <command>implies(x,y) := x' | y
    n implies(a,b) &amp;&amp; implies(b,c) -&gt; implies(a,c)</command>
                <description>Proper implication definition and usage</description>
                <result>Shows correct way to handle implications</result>
            </example>
            <example>
                <command>{x}:sbf = 0 &amp;&amp; {y}:sbf = 0</command>
                <description>Type declaration with constants</description>
                <result>Shows how type annotations affect formula evaluation</result>
            </example>
        </examples>
        <parameters>
            <parameter>
                <name>Implication</name>
                <description>Use function definition instead of -&gt; operator: implies(x,y) := x' | y</description>
            </parameter>
            <parameter>
                <name>Equivalence</name>
                <description>Use equality instead of &lt;-&gt;: equiv(x,y) := x = y</description>
            </parameter>
            <parameter>
                <name>Splitters</name>
                <description>Use proper formula construction when combining splitters</description>
            </parameter>
            <parameter>
                <name>Type declarations</name>
                <description>Follow strict :sbf/:tau syntax for type annotations</description>
            </parameter>
        </parameters>
        <relatedTopics>
            <topic>function-definitions</topic>
            <topic>formula-basics</topic>
            <topic>type-system</topic>
        </relatedTopics>
        <category>Troubleshooting</category>
    </entry>

    <!-- History Management -->
    <entry id="history-management">
        <title>History and State Management</title>
        <description>
History management provides tools for tracking and manipulating command history in the Tau environment. These features help maintain context and reuse previous commands effectively.

History management features:
- Command history
- State tracking
- Definition management
- Reference system
- History operations

Key capabilities:
- History navigation
- State inspection
- Definition tracking
- Reference resolution
- History search

Common operations:
- View history
- Reference commands
- Track state
- Manage definitions
- Search history</description>
        <examples>
            <example>
                <command>hist</command>
                <description>Show history</description>
                <result>Full command history</result>
            </example>
            <example>
                <command>%</command>
                <description>Last command</description>
                <result>Previous command</result>
            </example>
            <example>
                <command>%-n</command>
                <description>Nth previous</description>
                <result>Command n steps back</result>
            </example>
        </examples>
        <parameters>
            <parameter>
                <name>hist</name>
                <description>History command</description>
            </parameter>
            <parameter>
                <name>%</name>
                <description>Last command reference</description>
            </parameter>
            <parameter>
                <name>%-n</name>
                <description>Previous command reference</description>
            </parameter>
        </parameters>
        <relatedTopics>
            <topic>repl-commands</topic>
            <topic>execution-control</topic>
            <topic>state-management</topic>
        </relatedTopics>
        <category>REPL Environment</category>
    </entry>
    
    <entry id="logical-constants">
        <title>Logical Constants and Basic Laws</title>
        <description>
    The fundamental building blocks of Tau's logical system include special constants and basic laws that govern their behavior.

    Key elements:
    - Constants: 0 (false), 1 (true), T (tautology), F (contradiction)
    - Basic laws: complementation, identity, absorption
    - Fundamental properties: commutativity, associativity, distributivity
    - Special values: uninterpreted constants, typed constants</description>
        <examples>
            <example>
                <command>n x | 1</command>
                <description>Constant absorption</description>
                <result>1 - OR with true is always true</result>
            </example>
            <example>
                <command>n x &amp; 0</command>
                <description>Zero property</description>
                <result>0 - AND with false is always false</result>
            </example>  
        </examples>
        <parameters>
            <parameter>
                <name>0, F</name>
                <description>Logical false constant</description>
            </parameter>
            <parameter>
                <name>1, T</name>
                <description>Logical true constant</description>
            </parameter>
        </parameters>
        <relatedTopics>
            <topic>boolean-basics</topic>
            <topic>normal-forms</topic>
            <topic>verification</topic>
        </relatedTopics>
        <category>Core Concepts</category>
    </entry>
    <entry id="type-system-advanced">
        <title>Advanced Type System Features</title>
        <description>
    Detailed coverage of Tau's type system and its implications for function composition and verification.

    Key aspects:
    - Type inference rules
    - Type preservation in transformations
    - Cross-type operation restrictions
    - Type-specific optimizations
    - Error detection and prevention</description>
        <examples>
            <example>
                <command>sbfFunc(x):sbf := x &amp; x</command>
                <description>Type-annotated function</description>
                <result>Explicit SBF type declaration</result>
            </example>
            <example>
                <command>tauFunc(x):tau := always x = 0</command>
                <description>Temporal type function</description>
                <result>Function with temporal type</result>
            </example>
        </examples>
        <parameters>
            <parameter>
                <name>type inference</name>
                <description>Automatic type detection</description>
            </parameter>
            <parameter>
                <name>type checking</name>
                <description>Validation of type constraints</description>
            </parameter>
        </parameters>
        <relatedTopics>
            <topic>type-system</topic>
            <topic>function-patterns</topic>
            <topic>error-handling</topic>
        </relatedTopics>
        <category>Advanced Operations</category>
    </entry>

    <!-- Add detailed specification entry -->
    <entry id="specification">
        <title>Tau Specifications and Temporal Logic</title>
        <description>Tau specifications combine temporal logic with Boolean algebra to define relationships between inputs and outputs over time. They follow strict rules about temporal operator usage and composition.

    Key concepts:
    - Each specification has exactly one temporal scope
    - Cannot nest temporal operators
    - Can reference past values
    - Must maintain causality

    Restrictions:
    - No nested always/sometimes
    - No temporal operator combinations with &amp;&amp;/||
    - No mixing of temporal and value quantifiers
    - No future time references</description>
        <examples>
            <example>
                <command>always o1[t] = 0</command>
                <description>Simple temporal specification</description>
                <result>Output will always be 0</result>
            </example>
            <example>
                <command>always o1[t] = i1[t-1]</command>
                <description>Valid temporal specification</description>
                <result>always o1[t]'i1[t-1]|o1[t]i1[t-1]' = 0</result>
            </example>
            <example>
                <command>always (o1[t] &amp; i1[t] = 0 &amp;&amp; o1[t] | i1[t] = 1)</command>
                <description>Complex single-scope specification</description>
                <result>always o1[t]i1[t] = 0 &amp;&amp; (o1[t]|i1[t])' = 0</result>
            </example>
            <example>
                <command>ex X (X = 0)</command>
                <description>Existential quantification</description>
                <result>There exists X such that X equals 0</result>
            </example>
            <example>
                <command>all X (X = 0)</command>
                <description>Universal quantification</description>
                <result>For all X, X equals 0</result>
            </example>
        </examples>
        <parameters>
            <parameter>
                <name>always, []</name>
                <description>Universal temporal quantifier (globally)</description>
            </parameter>
            <parameter>
                <name>sometimes, &lt;&gt;</name>
                <description>Existential temporal quantifier (eventually)</description>
            </parameter>
            <parameter>
                <name>all</name>
                <description>Universal value quantifier</description>
            </parameter>
            <parameter>
                <name>ex</name>
                <description>Existential value quantifier</description>
            </parameter>
        </parameters>
        <category>Core Concepts</category>
    </entry>

    <!-- Add detailed formula entry -->
    <entry id="formula">
        <title>Logical Formulas</title>
        <description>Formulas in Tau combine Boolean terms with equality (= 0), logical AND (&amp;&amp;), OR (||), and NOT (!). They represent constraints and logical relationships between terms.</description>
        <examples>
            <example>
                <command>x = 0</command>
                <description>SBF/TAU - Basic equality</description>
                <result>x = 0 - Term equals zero constraint</result>
            </example>
            <example>
                <command>(x = 0) &amp;&amp; (y = 0)</command>
                <description>Combining formulas with AND</description>
                <result>x = 0 &amp;&amp; y = 0 - Both conditions must be true</result>
            </example>
            <example>
                <command>n (x &amp; y)' = x' | y'</command>
                <description>De Morgan's law</description>
                <result>T - Formula is a tautology (always true)</result>
            </example>
            <example>
                <command>n x &amp; y = x | y</command>
                <description>AND equals OR condition</description>
                <result>xy' = 0 &amp;&amp; x'y = 0 - Normalized form showing required term equalities</result>
            </example>
        </examples>
        <parameters>
            <parameter>
                <name>= 0</name>
                <description>Basic formula constructor, term equals zero</description>
            </parameter>
            <parameter>
                <name>&amp;&amp;</name>
                <description>Logical AND between formulas</description>
            </parameter>
            <parameter>
                <name>||</name>
                <description>Logical OR between formulas</description>
            </parameter>
            <parameter>
                <name>!</name>
                <description>Logical NOT for formulas</description>
            </parameter>
        </parameters>
        <relatedTopics>
            <topic>boolean</topic>
            <topic>specification</topic>
            <topic>normal-forms</topic>
        </relatedTopics>
        <category>Core Concepts</category>
    </entry>

    <entry id="pattern-recognition">
        <title>Pattern Recognition and Analysis</title>
        <description>
Tau expressions follow distinct patterns that help identify their structure and meaning. Understanding these patterns is crucial for proper analysis and transformation.

Core pattern categories:
- Term-level operations (AND, OR, NOT, XOR)
- Formula-level operations (=, &amp;&amp;, ||, !)
- Temporal expressions (always, sometimes)
- Quantified expressions (all, ex)
- Type annotations (sbf, tau)
- Function definitions
- Normal forms
- Constants and special values

Pattern recognition helps:
- Identify expression types
- Guide transformations
- Detect errors
- Suggest corrections
- Optimize operations</description>
        <examples>
            <example>
                <command>x &amp; y</command>
                <description>Term-level AND pattern</description>
                <result>xy - Shows concatenation pattern</result>
                <explanation>Basic term-level conjunction recognized by adjacency or &amp; operator</explanation>
            </example>
            <example>
                <command>always o1[t] = i1[t-1]</command>
                <description>Temporal pattern with reference</description>
                <result>Temporal specification pattern with past reference</result>
                <explanation>Combines temporal operator with time reference pattern</explanation>
            </example>
            <example>
                <command>ex X (X = 0)</command>
                <description>Quantified formula pattern</description>
                <result>Existential quantification pattern</result>
                <explanation>Demonstrates quantifier with variable binding pattern</explanation>
            </example>
        </examples>
        <parameters>
            <parameter>
                <name>Term patterns</name>
                <description>Basic operations: &amp;, |, ', +</description>
            </parameter>
            <parameter>
                <name>Formula patterns</name>
                <description>Logical operations: =, &amp;&amp;, ||, !</description>
            </parameter>
            <parameter>
                <name>Temporal patterns</name>
                <description>Time operators: always, sometimes, [t]</description>
            </parameter>
            <parameter>
                <name>Type patterns</name>
                <description>Type annotations: :sbf, :tau</description>
            </parameter>
        </parameters>
        <relatedTopics>
            <topic>formula-basics</topic>
            <topic>temporal-logic</topic>
            <topic>type-system</topic>
            <topic>normal-forms</topic>
        </relatedTopics>
        <category>Core Concepts</category>
    </entry>

</helpContent>