<?xml version="1.0" encoding="utf-8"?>
<ThemeConfiguration xmlns:xsi="http://www.w3.org/2001/XMLSchema-instance" xmlns:xsd="http://www.w3.org/2001/XMLSchema">
  <ThemesList>
    <ColorTheme>
      <Name>Night Owl Dark</Name>
      <Background>#011627</Background>
      <DefaultText>#D6DEEB</DefaultText>
      <TauPrompt>#EF5350</TauPrompt>
      <Numbers>#C792EA</Numbers>
      <Comments>#637777</Comments>
      <Highlights>#5FD7DD</Highlights>
      <SyntaxCommand>#C792EA</SyntaxCommand>
      <SyntaxOperator>#89DDFF</SyntaxOperator>
      <SyntaxKeyword>#D7A1FF</SyntaxKeyword>
      <SyntaxReference>#ADDB67</SyntaxReference>
      <SyntaxBoolean>#FF5874</SyntaxBoolean>
      <SyntaxTime>#F78C6C</SyntaxTime>
      <SyntaxString>#ECC48D</SyntaxString>
      <SyntaxFunction>#65B7FF</SyntaxFunction>
      <SyntaxVariable>#7FDBCA</SyntaxVariable>
      <SyntaxNumber>#F78C6C</SyntaxNumber>
      <SyntaxPunctuation>#89DDFF</SyntaxPunctuation>
      <SyntaxDefinition>#FFCB6B</SyntaxDefinition>
      <IsLightVariant>false</IsLightVariant>
      <VariantGroup>Night Owl</VariantGroup>
    </ColorTheme>
    <ColorTheme>
      <Name>Night Owl Light</Name>
      <Background>#FFFFFF</Background>
      <DefaultText>#403F53</DefaultText>
      <TauPrompt>#EF5350</TauPrompt>
      <Numbers>#C792EA</Numbers>
      <Comments>#637777</Comments>
      <Highlights>#218B91</Highlights>
      <SyntaxCommand>#82AAFF</SyntaxCommand>
      <SyntaxOperator>#C792EA</SyntaxOperator>
      <SyntaxKeyword>#C792EA</SyntaxKeyword>
      <SyntaxReference>#ADDB67</SyntaxReference>
      <SyntaxBoolean>#FF5874</SyntaxBoolean>
      <SyntaxTime>#F78C6C</SyntaxTime>
      <SyntaxString>#ECC48D</SyntaxString>
      <SyntaxFunction>#4876D6</SyntaxFunction>
      <SyntaxVariable>#4B6BC5</SyntaxVariable>
      <SyntaxNumber>#F78C6C</SyntaxNumber>
      <SyntaxPunctuation>#994CC3</SyntaxPunctuation>
      <SyntaxDefinition>#994CC3</SyntaxDefinition>
      <IsLightVariant>true</IsLightVariant>
      <VariantGroup>Night Owl</VariantGroup>
    </ColorTheme>
    <ColorTheme>
      <Name>Monokai Dark</Name>
      <Background>#272822</Background>
      <DefaultText>#F8F8F2</DefaultText>
      <TauPrompt>#75715E</TauPrompt>
      <Numbers>#AE81FF</Numbers>
      <Comments>#75715E</Comments>
      <Highlights>#FFB454</Highlights>
      <SyntaxCommand>#F92672</SyntaxCommand>
      <SyntaxOperator>#F92672</SyntaxOperator>
      <SyntaxKeyword>#F92672</SyntaxKeyword>
      <SyntaxReference>#A6E22E</SyntaxReference>
      <SyntaxBoolean>#AE81FF</SyntaxBoolean>
      <SyntaxTime>#E6DB74</SyntaxTime>
      <SyntaxString>#E6DB74</SyntaxString>
      <SyntaxFunction>#66D9EF</SyntaxFunction>
      <SyntaxVariable>#FD971F</SyntaxVariable>
      <SyntaxNumber>#AE81FF</SyntaxNumber>
      <SyntaxPunctuation>#66D9EF</SyntaxPunctuation>
      <SyntaxDefinition>#AE81FF</SyntaxDefinition>
      <IsLightVariant>false</IsLightVariant>
      <VariantGroup>Monokai</VariantGroup>
    </ColorTheme>
    <ColorTheme>
      <Name>Monokai Light</Name>
      <Background>#FAFAFA</Background>
      <DefaultText>#383A42</DefaultText>
      <TauPrompt>#E45649</TauPrompt>
      <Numbers>#A626A4</Numbers>
      <Comments>#A0A1A7</Comments>
      <Highlights>#2945B5</Highlights>
      <SyntaxCommand>#E45649</SyntaxCommand>
      <SyntaxOperator>#526FFF</SyntaxOperator>
      <SyntaxKeyword>#E45649</SyntaxKeyword>
      <SyntaxReference>#50A14F</SyntaxReference>
      <SyntaxBoolean>#A626A4</SyntaxBoolean>
      <SyntaxTime>#C18401</SyntaxTime>
      <SyntaxString>#50A14F</SyntaxString>
      <SyntaxFunction>#4078F2</SyntaxFunction>
      <SyntaxVariable>#E45649</SyntaxVariable>
      <SyntaxNumber>#A626A4</SyntaxNumber>
      <SyntaxPunctuation>#526FFF</SyntaxPunctuation>
      <SyntaxDefinition>#A626A4</SyntaxDefinition>
      <IsLightVariant>true</IsLightVariant>
      <VariantGroup>Monokai</VariantGroup>
    </ColorTheme>
    <ColorTheme>
      <Name>Solarized Dark</Name>
      <Background>#002B36</Background>
      <DefaultText>#839496</DefaultText>
      <TauPrompt>#DC322F</TauPrompt>
      <Numbers>#859900</Numbers>
      <Comments>#586E75</Comments>
      <Highlights>#1C8B84</Highlights>
      <SyntaxCommand>#B58900</SyntaxCommand>
      <SyntaxOperator>#2AA198</SyntaxOperator>
      <SyntaxKeyword>#D33682</SyntaxKeyword>
      <SyntaxReference>#268BD2</SyntaxReference>
      <SyntaxBoolean>#859900</SyntaxBoolean>
      <SyntaxTime>#CB4B16</SyntaxTime>
      <SyntaxString>#859900</SyntaxString>
      <SyntaxFunction>#147AB3</SyntaxFunction>
      <SyntaxVariable>#268BD2</SyntaxVariable>
      <SyntaxNumber>#859900</SyntaxNumber>
      <SyntaxPunctuation>#2AA198</SyntaxPunctuation>
      <SyntaxDefinition>#CB4B16</SyntaxDefinition>
      <IsLightVariant>false</IsLightVariant>
      <VariantGroup>Solarized</VariantGroup>
    </ColorTheme>
    <ColorTheme>
      <Name>Solarized Light</Name>
      <Background>#FDF6E3</Background>
      <DefaultText>#657B83</DefaultText>
      <TauPrompt>#DC322F</TauPrompt>
      <Numbers>#859900</Numbers>
      <Comments>#93A1A1</Comments>
      <Highlights>#1D9187</Highlights>
      <SyntaxCommand>#B58900</SyntaxCommand>
      <SyntaxOperator>#2AA198</SyntaxOperator>
      <SyntaxKeyword>#D33682</SyntaxKeyword>
      <SyntaxReference>#268BD2</SyntaxReference>
      <SyntaxBoolean>#859900</SyntaxBoolean>
      <SyntaxTime>#CB4B16</SyntaxTime>
      <SyntaxString>#859900</SyntaxString>
      <SyntaxFunction>#268BD2</SyntaxFunction>
      <SyntaxVariable>#268BD2</SyntaxVariable>
      <SyntaxNumber>#859900</SyntaxNumber>
      <SyntaxPunctuation>#2AA198</SyntaxPunctuation>
      <SyntaxDefinition>#6C71C4</SyntaxDefinition>
      <IsLightVariant>true</IsLightVariant>
      <VariantGroup>Solarized</VariantGroup>
    </ColorTheme>
    <ColorTheme>
      <Name>Material Dark</Name>
      <Background>#263238</Background>
      <DefaultText>#EEFFFF</DefaultText>
      <TauPrompt>#F07178</TauPrompt>
      <Numbers>#C792EA</Numbers>
      <Comments>#546E7A</Comments>
      <Highlights>#6ABEFF</Highlights>
      <SyntaxCommand>#C792EA</SyntaxCommand>
      <SyntaxOperator>#89DDFF</SyntaxOperator>
      <SyntaxKeyword>#BB71E3</SyntaxKeyword>
      <SyntaxReference>#C3E88D</SyntaxReference>
      <SyntaxBoolean>#C792EA</SyntaxBoolean>
      <SyntaxTime>#FFCB6B</SyntaxTime>
      <SyntaxString>#C3E88D</SyntaxString>
      <SyntaxFunction>#64B5FF</SyntaxFunction>
      <SyntaxVariable>#9CEFFF</SyntaxVariable>
      <SyntaxNumber>#C792EA</SyntaxNumber>
      <SyntaxPunctuation>#89DDFF</SyntaxPunctuation>
      <SyntaxDefinition>#FFD87B</SyntaxDefinition>
      <IsLightVariant>false</IsLightVariant>
      <VariantGroup>Material</VariantGroup>
    </ColorTheme>
    <ColorTheme>
      <Name>Material Light</Name>
      <Background>#FAFAFA</Background>
      <DefaultText>#4A4A4A</DefaultText>
      <TauPrompt>#F07178</TauPrompt>
      <Numbers>#C792EA</Numbers>
      <Comments>#546E7A</Comments>
      <Highlights>#4499CC</Highlights>
      <SyntaxCommand>#82AAFF</SyntaxCommand>
      <SyntaxOperator>#89DDFF</SyntaxOperator>
      <SyntaxKeyword>#C792EA</SyntaxKeyword>
      <SyntaxReference>#C3E88D</SyntaxReference>
      <SyntaxBoolean>#C792EA</SyntaxBoolean>
      <SyntaxTime>#FFCB6B</SyntaxTime>
      <SyntaxString>#C3E88D</SyntaxString>
      <SyntaxFunction>#1976D2</SyntaxFunction>
      <SyntaxVariable>#39ADB5</SyntaxVariable>
      <SyntaxNumber>#C792EA</SyntaxNumber>
      <SyntaxPunctuation>#39ADB5</SyntaxPunctuation>
      <SyntaxDefinition>#7B1FA2</SyntaxDefinition>
      <IsLightVariant>true</IsLightVariant>
      <VariantGroup>Material</VariantGroup>
    </ColorTheme>
    <ColorTheme>
      <Name>Cobalt2 Dark</Name>
      <Background>#193549</Background>
      <DefaultText>#FFFFFF</DefaultText>
      <TauPrompt>#FF628C</TauPrompt>
      <Numbers>#FF628C</Numbers>
      <Comments>#0088FF</Comments>
      <Highlights>#66CFCF</Highlights>
      <SyntaxCommand>#FF9D00</SyntaxCommand>
      <SyntaxOperator>#FF9D00</SyntaxOperator>
      <SyntaxKeyword>#FF9D00</SyntaxKeyword>
      <SyntaxReference>#A5FF90</SyntaxReference>
      <SyntaxBoolean>#FF628C</SyntaxBoolean>
      <SyntaxTime>#FFE500</SyntaxTime>
      <SyntaxString>#A5FF90</SyntaxString>
      <SyntaxFunction>#FFC600</SyntaxFunction>
      <SyntaxVariable>#FF9D00</SyntaxVariable>
      <SyntaxNumber>#FF628C</SyntaxNumber>
      <SyntaxPunctuation>#FFC600</SyntaxPunctuation>
      <SyntaxDefinition>#FF628C</SyntaxDefinition>
      <IsLightVariant>false</IsLightVariant>
      <VariantGroup>Cobalt2</VariantGroup>
    </ColorTheme>
    <ColorTheme>
      <Name>Cobalt2 Light</Name>
      <Background>#FFFFFF</Background>
      <DefaultText>#193549</DefaultText>
      <TauPrompt>#FF628C</TauPrompt>
      <Numbers>#FF628C</Numbers>
      <Comments>#0088FF</Comments>
      <Highlights>#55AAAA</Highlights>
      <SyntaxCommand>#FF9D00</SyntaxCommand>
      <SyntaxOperator>#FF9D00</SyntaxOperator>
      <SyntaxKeyword>#FF9D00</SyntaxKeyword>
      <SyntaxReference>#15965A</SyntaxReference>
      <SyntaxBoolean>#FF628C</SyntaxBoolean>
      <SyntaxTime>#FFE500</SyntaxTime>
      <SyntaxString>#15965A</SyntaxString>
      <SyntaxFunction>#0088FF</SyntaxFunction>
      <SyntaxVariable>#FF9D00</SyntaxVariable>
      <SyntaxNumber>#FF628C</SyntaxNumber>
      <SyntaxPunctuation>#0088FF</SyntaxPunctuation>
      <SyntaxDefinition>#FF628C</SyntaxDefinition>
      <IsLightVariant>true</IsLightVariant>
      <VariantGroup>Cobalt2</VariantGroup>
    </ColorTheme>
    <ColorTheme>
      <Name>Coffee Dark</Name>
      <Background>#3B2F2F</Background>
      <DefaultText>#D2B48C</DefaultText>
      <TauPrompt>#C2695E</TauPrompt>
      <Numbers>#B38B6D</Numbers>
      <Comments>#8B7355</Comments>
      <Highlights>#E37E73</Highlights>
      <SyntaxCommand>#C2695E</SyntaxCommand>
      <SyntaxOperator>#D2691E</SyntaxOperator>
      <SyntaxKeyword>#B38B6D</SyntaxKeyword>
      <SyntaxReference>#A0522D</SyntaxReference>
      <SyntaxBoolean>#C2695E</SyntaxBoolean>
      <SyntaxTime>#DEB887</SyntaxTime>
      <SyntaxString>#A0522D</SyntaxString>
      <SyntaxFunction>#D2691E</SyntaxFunction>
      <SyntaxVariable>#DEB887</SyntaxVariable>
      <SyntaxNumber>#B38B6D</SyntaxNumber>
      <SyntaxPunctuation>#D2691E</SyntaxPunctuation>
      <SyntaxDefinition>#C2695E</SyntaxDefinition>
      <IsLightVariant>false</IsLightVariant>
      <VariantGroup>Coffee</VariantGroup>
    </ColorTheme>
    <ColorTheme>
      <Name>Coffee Light</Name>
      <Background>#F5F5DC</Background>
      <DefaultText>#4B3832</DefaultText>
      <TauPrompt>#854442</TauPrompt>
      <Numbers>#6B4423</Numbers>
      <Comments>#9B8579</Comments>
      <Highlights>#A15550</Highlights>
      <SyntaxCommand>#854442</SyntaxCommand>
      <SyntaxOperator>#8B4513</SyntaxOperator>
      <SyntaxKeyword>#6B4423</SyntaxKeyword>
      <SyntaxReference>#8B4513</SyntaxReference>
      <SyntaxBoolean>#854442</SyntaxBoolean>
      <SyntaxTime>#CD853F</SyntaxTime>
      <SyntaxString>#8B4513</SyntaxString>
      <SyntaxFunction>#D2691E</SyntaxFunction>
      <SyntaxVariable>#8B4513</SyntaxVariable>
      <SyntaxNumber>#6B4423</SyntaxNumber>
      <SyntaxPunctuation>#D2691E</SyntaxPunctuation>
      <SyntaxDefinition>#854442</SyntaxDefinition>
      <IsLightVariant>true</IsLightVariant>
      <VariantGroup>Coffee</VariantGroup>
    </ColorTheme>
    <ColorTheme>
      <Name>Arctic Dark</Name>
      <Background>#1B2B34</Background>
      <DefaultText>#D8DEE9</DefaultText>
      <TauPrompt>#99C1F1</TauPrompt>
      <Numbers>#88C0D0</Numbers>
      <Comments>#4C566A</Comments>
      <Highlights>#5E9ED6</Highlights>
      <SyntaxCommand>#81A1C1</SyntaxCommand>
      <SyntaxOperator>#81A1C1</SyntaxOperator>
      <SyntaxKeyword>#88C0D0</SyntaxKeyword>
      <SyntaxReference>#8FBCBB</SyntaxReference>
      <SyntaxBoolean>#88C0D0</SyntaxBoolean>
      <SyntaxTime>#B48EAD</SyntaxTime>
      <SyntaxString>#8FBCBB</SyntaxString>
      <SyntaxFunction>#88C0D0</SyntaxFunction>
      <SyntaxVariable>#81A1C1</SyntaxVariable>
      <SyntaxNumber>#88C0D0</SyntaxNumber>
      <SyntaxPunctuation>#88C0D0</SyntaxPunctuation>
      <SyntaxDefinition>#81A1C1</SyntaxDefinition>
      <IsLightVariant>false</IsLightVariant>
      <VariantGroup>Arctic</VariantGroup>
    </ColorTheme>
    <ColorTheme>
      <Name>Arctic Light</Name>
      <Background>#ECEFF4</Background>
      <DefaultText>#2E3440</DefaultText>
      <TauPrompt>#5E81AC</TauPrompt>
      <Numbers>#5E81AC</Numbers>
      <Comments>#7B88A1</Comments>
      <Highlights>#4A7DAD</Highlights>
      <SyntaxCommand>#5E81AC</SyntaxCommand>
      <SyntaxOperator>#81A1C1</SyntaxOperator>
      <SyntaxKeyword>#5E81AC</SyntaxKeyword>
      <SyntaxReference>#8FBCBB</SyntaxReference>
      <SyntaxBoolean>#5E81AC</SyntaxBoolean>
      <SyntaxTime>#B48EAD</SyntaxTime>
      <SyntaxString>#8FBCBB</SyntaxString>
      <SyntaxFunction>#81A1C1</SyntaxFunction>
      <SyntaxVariable>#5E81AC</SyntaxVariable>
      <SyntaxNumber>#5E81AC</SyntaxNumber>
      <SyntaxPunctuation>#81A1C1</SyntaxPunctuation>
      <SyntaxDefinition>#5E81AC</SyntaxDefinition>
      <IsLightVariant>true</IsLightVariant>
      <VariantGroup>Arctic</VariantGroup>
    </ColorTheme>
    <ColorTheme>
      <Name>Neon City Dark</Name>
      <Background>#0F0F0F</Background>
      <DefaultText>#F0F0F0</DefaultText>
      <TauPrompt>#FF00FF</TauPrompt>
      <Numbers>#00FFFF</Numbers>
      <Comments>#787878</Comments>
      <Highlights>#FF33FF</Highlights>
      <SyntaxCommand>#FF0000</SyntaxCommand>
      <SyntaxOperator>#00FFFF</SyntaxOperator>
      <SyntaxKeyword>#FF00FF</SyntaxKeyword>
      <SyntaxReference>#00FF00</SyntaxReference>
      <SyntaxBoolean>#FF00FF</SyntaxBoolean>
      <SyntaxTime>#FFFF00</SyntaxTime>
      <SyntaxString>#00FF00</SyntaxString>
      <SyntaxFunction>#00FFFF</SyntaxFunction>
      <SyntaxVariable>#FF00FF</SyntaxVariable>
      <SyntaxNumber>#00FFFF</SyntaxNumber>
      <SyntaxPunctuation>#00FFFF</SyntaxPunctuation>
      <SyntaxDefinition>#FF0000</SyntaxDefinition>
      <IsLightVariant>false</IsLightVariant>
      <VariantGroup>Neon City</VariantGroup>
    </ColorTheme> 
    <ColorTheme>
      <Name>Neon City Light</Name>
      <Background>#FFFFFF</Background>
      <DefaultText>#1A1A1A</DefaultText>
      <TauPrompt>#D100D1</TauPrompt>
      <Numbers>#008B8B</Numbers>
      <Comments>#666666</Comments>
      <Highlights>#CC00CC</Highlights>
      <SyntaxCommand>#CC0000</SyntaxCommand>
      <SyntaxOperator>#008B8B</SyntaxOperator>
      <SyntaxKeyword>#D100D1</SyntaxKeyword>
      <SyntaxReference>#006400</SyntaxReference>
      <SyntaxBoolean>#D100D1</SyntaxBoolean>
      <SyntaxTime>#B8860B</SyntaxTime>
      <SyntaxString>#006400</SyntaxString>
      <SyntaxFunction>#008B8B</SyntaxFunction>
      <SyntaxVariable>#D100D1</SyntaxVariable>
      <SyntaxNumber>#008B8B</SyntaxNumber>
      <SyntaxPunctuation>#008B8B</SyntaxPunctuation>
      <SyntaxDefinition>#CC0000</SyntaxDefinition>
      <IsLightVariant>true</IsLightVariant>
      <VariantGroup>Neon City</VariantGroup>
    </ColorTheme>
    <ColorTheme>
      <Name>Winter is Coming Dark</Name>
      <Background>#1B1B29</Background>
      <DefaultText>#A7B7D2</DefaultText>
      <TauPrompt>#C74E39</TauPrompt>
      <Numbers>#2190CE</Numbers>
      <Comments>#5C6370</Comments>
      <Highlights>#3BB4DD</Highlights>
      <SyntaxCommand>#219FD5</SyntaxCommand>
      <SyntaxOperator>#94B8FF</SyntaxOperator>
      <SyntaxKeyword>#2190CE</SyntaxKeyword>
      <SyntaxReference>#50B4A1</SyntaxReference>
      <SyntaxBoolean>#C74E39</SyntaxBoolean>
      <SyntaxTime>#C74E39</SyntaxTime>
      <SyntaxString>#50B4A1</SyntaxString>
      <SyntaxFunction>#219FD5</SyntaxFunction>
      <SyntaxVariable>#A7B7D2</SyntaxVariable>
      <SyntaxNumber>#2190CE</SyntaxNumber>
      <SyntaxPunctuation>#A7B7D2</SyntaxPunctuation>
      <SyntaxDefinition>#219FD5</SyntaxDefinition>
      <IsLightVariant>false</IsLightVariant>
      <VariantGroup>Winter is Coming</VariantGroup>
    </ColorTheme> 
    <ColorTheme>
      <Name>Winter is Coming Light</Name>
      <Background>#FFFFFF</Background>
      <DefaultText>#403F53</DefaultText>
      <TauPrompt>#C74E39</TauPrompt>
      <Numbers>#2190CE</Numbers>
      <Comments>#8B8B8B</Comments>
      <Highlights>#1B8CAF</Highlights>
      <SyntaxCommand>#219FD5</SyntaxCommand>
      <SyntaxOperator>#94B8FF</SyntaxOperator>
      <SyntaxKeyword>#2190CE</SyntaxKeyword>
      <SyntaxReference>#408E83</SyntaxReference>
      <SyntaxBoolean>#C74E39</SyntaxBoolean>
      <SyntaxTime>#C74E39</SyntaxTime>
      <SyntaxString>#408E83</SyntaxString>
      <SyntaxFunction>#219FD5</SyntaxFunction>
      <SyntaxVariable>#403F53</SyntaxVariable>
      <SyntaxNumber>#2190CE</SyntaxNumber>
      <SyntaxPunctuation>#403F53</SyntaxPunctuation>
      <SyntaxDefinition>#219FD5</SyntaxDefinition>
      <IsLightVariant>true</IsLightVariant>
      <VariantGroup>Winter is Coming</VariantGroup>
    </ColorTheme>
    <ColorTheme>
      <Name>Synthwave84 Dark</Name>
      <Background>#262335</Background>
      <DefaultText>#F0E1F9</DefaultText>
      <TauPrompt>#FE4450</TauPrompt>
      <Numbers>#F97E72</Numbers>
      <Comments>#848BBF</Comments>
      <Highlights>#20CDD4</Highlights>
      <SyntaxCommand>#FE4450</SyntaxCommand>
      <SyntaxOperator>#36F9F6</SyntaxOperator>
      <SyntaxKeyword>#FE4450</SyntaxKeyword>
      <SyntaxReference>#72F1B8</SyntaxReference>
      <SyntaxBoolean>#F97E72</SyntaxBoolean>
      <SyntaxTime>#FAD000</SyntaxTime>
      <SyntaxString>#72F1B8</SyntaxString>
      <SyntaxFunction>#36F9F6</SyntaxFunction>
      <SyntaxVariable>#F0E1F9</SyntaxVariable>
      <SyntaxNumber>#F97E72</SyntaxNumber>
      <SyntaxPunctuation>#F0E1F9</SyntaxPunctuation>
      <SyntaxDefinition>#FE4450</SyntaxDefinition>
      <IsLightVariant>false</IsLightVariant>
      <VariantGroup>Synthwave</VariantGroup>
    </ColorTheme>
    <ColorTheme>
      <Name>Synthwave84 Light</Name>
      <Background>#F5F5F7</Background>
      <DefaultText>#262335</DefaultText>
      <TauPrompt>#E61D5F</TauPrompt>
      <Numbers>#D84B7A</Numbers>
      <Comments>#6B7394</Comments>
      <Highlights>#098A94</Highlights>
      <SyntaxCommand>#E61D5F</SyntaxCommand>
      <SyntaxOperator>#0BA2AF</SyntaxOperator>
      <SyntaxKeyword>#E61D5F</SyntaxKeyword>
      <SyntaxReference>#27AB76</SyntaxReference>
      <SyntaxBoolean>#D84B7A</SyntaxBoolean>
      <SyntaxTime>#C6A700</SyntaxTime>
      <SyntaxString>#27AB76</SyntaxString>
      <SyntaxFunction>#0BA2AF</SyntaxFunction>
      <SyntaxVariable>#262335</SyntaxVariable>
      <SyntaxNumber>#D84B7A</SyntaxNumber>
      <SyntaxPunctuation>#262335</SyntaxPunctuation>
      <SyntaxDefinition>#E61D5F</SyntaxDefinition>
      <IsLightVariant>true</IsLightVariant>
      <VariantGroup>Synthwave</VariantGroup>
    </ColorTheme>  
    <ColorTheme>
      <Name>Cotton Candy Dark</Name>
      <Background>#2B1B2C</Background>
      <DefaultText>#FFE4FF</DefaultText>
      <TauPrompt>#FF69B4</TauPrompt>
      <Numbers>#DA70D6</Numbers>
      <Comments>#B48EAD</Comments>
      <Highlights>#FF8DC8</Highlights>
      <SyntaxCommand>#FF1493</SyntaxCommand>
      <SyntaxOperator>#DA70D6</SyntaxOperator>
      <SyntaxKeyword>#FF69B4</SyntaxKeyword>
      <SyntaxReference>#9370DB</SyntaxReference>
      <SyntaxBoolean>#DA70D6</SyntaxBoolean>
      <SyntaxTime>#FFB6C1</SyntaxTime>
      <SyntaxString>#9370DB</SyntaxString>
      <SyntaxFunction>#FF1493</SyntaxFunction>
      <SyntaxVariable>#FFE4FF</SyntaxVariable>
      <SyntaxNumber>#DA70D6</SyntaxNumber>
      <SyntaxPunctuation>#FFE4FF</SyntaxPunctuation>
      <SyntaxDefinition>#FF1493</SyntaxDefinition>
      <IsLightVariant>false</IsLightVariant>
      <VariantGroup>Cotton Candy</VariantGroup>
    </ColorTheme>
   <ColorTheme>
      <Name>Cotton Candy Light</Name>
      <Background>#FFF0F5</Background>
      <DefaultText>#663399</DefaultText>
      <TauPrompt>#FF69B4</TauPrompt>
      <Numbers>#DA70D6</Numbers>
      <Comments>#DDA0DD</Comments>
      <Highlights>#E14E9D</Highlights>
      <SyntaxCommand>#FF1493</SyntaxCommand>
      <SyntaxOperator>#DA70D6</SyntaxOperator>
      <SyntaxKeyword>#FF69B4</SyntaxKeyword>
      <SyntaxReference>#9370DB</SyntaxReference>
      <SyntaxBoolean>#DA70D6</SyntaxBoolean>
      <SyntaxTime>#FFB6C1</SyntaxTime>
      <SyntaxString>#9370DB</SyntaxString>
      <SyntaxFunction>#FF1493</SyntaxFunction>
      <SyntaxVariable>#663399</SyntaxVariable>
      <SyntaxNumber>#DA70D6</SyntaxNumber>
      <SyntaxPunctuation>#663399</SyntaxPunctuation>
      <SyntaxDefinition>#FF1493</SyntaxDefinition>
      <IsLightVariant>true</IsLightVariant>
      <VariantGroup>Cotton Candy</VariantGroup>
    </ColorTheme> 
    <ColorTheme>
      <Name>Minimal Dark</Name>
      <Background>#000000</Background>
      <DefaultText>#FFFFFF</DefaultText>
      <TauPrompt>#FFFFFF</TauPrompt>
      <Numbers>#FFFFFF</Numbers>
      <Comments>#FFFFFF</Comments>
      <Highlights>#FFFFFF</Highlights>
      <SyntaxCommand>#FFFFFF</SyntaxCommand>
      <SyntaxOperator>#FFFFFF</SyntaxOperator>
      <SyntaxKeyword>#FFFFFF</SyntaxKeyword>
      <SyntaxReference>#FFFFFF</SyntaxReference>
      <SyntaxBoolean>#FFFFFF</SyntaxBoolean>
      <SyntaxTime>#FFFFFF</SyntaxTime>
      <SyntaxString>#FFFFFF</SyntaxString>
      <SyntaxFunction>#FFFFFF</SyntaxFunction>
      <SyntaxVariable>#FFFFFF</SyntaxVariable>
      <SyntaxNumber>#FFFFFF</SyntaxNumber>
      <SyntaxPunctuation>#FFFFFF</SyntaxPunctuation>
      <SyntaxDefinition>#FFFFFF</SyntaxDefinition>
      <IsLightVariant>false</IsLightVariant>
      <VariantGroup>Minimal</VariantGroup>
    </ColorTheme>
    <ColorTheme>
      <Name>Minimal Light</Name>
      <Background>#FFFFFF</Background>
      <DefaultText>#000000</DefaultText>
      <TauPrompt>#000000</TauPrompt>
      <Numbers>#000000</Numbers>
      <Comments>#000000</Comments>
      <Highlights>#000000</Highlights>
      <SyntaxCommand>#000000</SyntaxCommand>
      <SyntaxOperator>#000000</SyntaxOperator>
      <SyntaxKeyword>#000000</SyntaxKeyword>
      <SyntaxReference>#000000</SyntaxReference>
      <SyntaxBoolean>#000000</SyntaxBoolean>
      <SyntaxTime>#000000</SyntaxTime>
      <SyntaxString>#000000</SyntaxString>
      <SyntaxFunction>#000000</SyntaxFunction>
      <SyntaxVariable>#000000</SyntaxVariable>
      <SyntaxNumber>#000000</SyntaxNumber>
      <SyntaxPunctuation>#000000</SyntaxPunctuation>
      <SyntaxDefinition>#000000</SyntaxDefinition>
      <IsLightVariant>true</IsLightVariant>
      <VariantGroup>Minimal</VariantGroup>
    </ColorTheme>
    <ColorTheme>
      <Name>Matrix Dark</Name>
      <Background>#000000</Background>
      <DefaultText>#00FF00</DefaultText>
      <TauPrompt>#00FF00</TauPrompt>
      <Numbers>#00FF00</Numbers>
      <Comments>#005F00</Comments>
      <Highlights>#00FF00</Highlights>
      <SyntaxCommand>#00FF00</SyntaxCommand>
      <SyntaxOperator>#00FF00</SyntaxOperator>
      <SyntaxKeyword>#00FF00</SyntaxKeyword>
      <SyntaxReference>#00FF00</SyntaxReference>
      <SyntaxBoolean>#00FF00</SyntaxBoolean>
      <SyntaxTime>#00FF00</SyntaxTime>
      <SyntaxString>#00FF00</SyntaxString>
      <SyntaxFunction>#00FF00</SyntaxFunction>
      <SyntaxVariable>#00FF00</SyntaxVariable>
      <SyntaxNumber>#00FF00</SyntaxNumber>
      <SyntaxPunctuation>#00FF00</SyntaxPunctuation>
      <SyntaxDefinition>#00FF00</SyntaxDefinition>
      <IsLightVariant>false</IsLightVariant>
      <VariantGroup>Matrix</VariantGroup>
    </ColorTheme>
    <ColorTheme>
      <Name>Matrix Light</Name>
      <Background>#FFFFFF</Background>
      <DefaultText>#006400</DefaultText>       
      <TauPrompt>#006400</TauPrompt>           
      <Numbers>#008000</Numbers>                
      <Comments>#90EE90</Comments>             
      <Highlights>#006400</Highlights>         
      <SyntaxCommand>#228B22</SyntaxCommand>   
      <SyntaxOperator>#008000</SyntaxOperator> 
      <SyntaxKeyword>#228B22</SyntaxKeyword>   
      <SyntaxReference>#3CB371</SyntaxReference>
      <SyntaxBoolean>#006400</SyntaxBoolean>   
      <SyntaxTime>#228B22</SyntaxTime>         
      <SyntaxString>#3CB371</SyntaxString>     
      <SyntaxFunction>#008000</SyntaxFunction>  
      <SyntaxVariable>#006400</SyntaxVariable>  
      <SyntaxNumber>#008000</SyntaxNumber>      
      <SyntaxPunctuation>#006400</SyntaxPunctuation> 
      <SyntaxDefinition>#228B22</SyntaxDefinition>   
      <IsLightVariant>true</IsLightVariant>
      <VariantGroup>Matrix</VariantGroup>
    </ColorTheme>
    <ColorTheme>
      <Name>Ocean Dark</Name>
      <Background>#1B2B34</Background>
      <DefaultText>#CDD3DE</DefaultText>
      <TauPrompt>#EC5F67</TauPrompt>
      <Numbers>#F99157</Numbers>
      <Comments>#65737E</Comments>
      <Highlights>#6699CC</Highlights>
      <SyntaxCommand>#C594C5</SyntaxCommand>
      <SyntaxOperator>#5FB3B3</SyntaxOperator>
      <SyntaxKeyword>#C594C5</SyntaxKeyword>
      <SyntaxReference>#99C794</SyntaxReference>
      <SyntaxBoolean>#FAC863</SyntaxBoolean>
      <SyntaxTime>#FAC863</SyntaxTime>
      <SyntaxString>#99C794</SyntaxString>
      <SyntaxFunction>#6699CC</SyntaxFunction>
      <SyntaxVariable>#CDD3DE</SyntaxVariable>
      <SyntaxNumber>#F99157</SyntaxNumber>
      <SyntaxPunctuation>#CDD3DE</SyntaxPunctuation>
      <SyntaxDefinition>#C594C5</SyntaxDefinition>
      <IsLightVariant>false</IsLightVariant>
      <VariantGroup>Ocean</VariantGroup>
    </ColorTheme>
    <ColorTheme>
      <Name>Ocean Light</Name>
      <Background>#E0F7FA</Background>
      <DefaultText>#37474F</DefaultText>
      <TauPrompt>#EC5F67</TauPrompt>
      <Numbers>#F99157</Numbers>
      <Comments>#65737E</Comments>
      <Highlights>#6699CC</Highlights>
      <SyntaxCommand>#C594C5</SyntaxCommand>
      <SyntaxOperator>#5FB3B3</SyntaxOperator>
      <SyntaxKeyword>#C594C5</SyntaxKeyword>
      <SyntaxReference>#99C794</SyntaxReference>
      <SyntaxBoolean>#FAC863</SyntaxBoolean>
      <SyntaxTime>#FAC863</SyntaxTime>
      <SyntaxString>#99C794</SyntaxString>
      <SyntaxFunction>#6699CC</SyntaxFunction>
      <SyntaxVariable>#37474F</SyntaxVariable>
      <SyntaxNumber>#F99157</SyntaxNumber>
      <SyntaxPunctuation>#37474F</SyntaxPunctuation>
      <SyntaxDefinition>#C594C5</SyntaxDefinition>
      <IsLightVariant>true</IsLightVariant>
      <VariantGroup>Ocean</VariantGroup>
    </ColorTheme>
    <ColorTheme>
      <Name>Forest Dark</Name>
      <Background>#2B3A32</Background>
      <DefaultText>#D0E0D0</DefaultText>
      <TauPrompt>#E67E22</TauPrompt>
      <Numbers>#7EC16E</Numbers>
      <Comments>#627D6A</Comments>
      <Highlights>#64DD17</Highlights>
      <SyntaxCommand>#4CAF50</SyntaxCommand>
      <SyntaxOperator>#81C784</SyntaxOperator>
      <SyntaxKeyword>#66BB6A</SyntaxKeyword>
      <SyntaxReference>#A5D6A7</SyntaxReference>
      <SyntaxBoolean>#C5E1A5</SyntaxBoolean>
      <SyntaxTime>#DCEDC8</SyntaxTime>
      <SyntaxString>#A5D6A7</SyntaxString>
      <SyntaxFunction>#81C784</SyntaxFunction>
      <SyntaxVariable>#D0E0D0</SyntaxVariable>
      <SyntaxNumber>#7EC16E</SyntaxNumber>
      <SyntaxPunctuation>#D0E0D0</SyntaxPunctuation>
      <SyntaxDefinition>#4CAF50</SyntaxDefinition>
      <IsLightVariant>false</IsLightVariant>
      <VariantGroup>Forest</VariantGroup>
    </ColorTheme>
    <ColorTheme>
      <Name>Forest Light</Name>
      <Background>#F0F7F0</Background>
      <DefaultText>#2B3A32</DefaultText>
      <TauPrompt>#E67E22</TauPrompt>
      <Numbers>#7EC16E</Numbers>
      <Comments>#627D6A</Comments>
      <Highlights>#2E7D32</Highlights>
      <SyntaxCommand>#4CAF50</SyntaxCommand>
      <SyntaxOperator>#81C784</SyntaxOperator>
      <SyntaxKeyword>#66BB6A</SyntaxKeyword>
      <SyntaxReference>#A5D6A7</SyntaxReference>
      <SyntaxBoolean>#C5E1A5</SyntaxBoolean>
      <SyntaxTime>#DCEDC8</SyntaxTime>
      <SyntaxString>#A5D6A7</SyntaxString>
      <SyntaxFunction>#81C784</SyntaxFunction>
      <SyntaxVariable>#2B3A32</SyntaxVariable>
      <SyntaxNumber>#7EC16E</SyntaxNumber>
      <SyntaxPunctuation>#2B3A32</SyntaxPunctuation>
      <SyntaxDefinition>#4CAF50</SyntaxDefinition>
      <IsLightVariant>true</IsLightVariant>
      <VariantGroup>Forest</VariantGroup>
    </ColorTheme>
    <ColorTheme>
      <Name>Gruvbox Dark</Name>
      <Background>#282828</Background>
      <DefaultText>#EBDBB2</DefaultText>
      <TauPrompt>#FB4934</TauPrompt>
      <Numbers>#D3869B</Numbers>
      <Comments>#928374</Comments>
      <Highlights>#458588</Highlights>
      <SyntaxCommand>#B8BB26</SyntaxCommand>
      <SyntaxOperator>#8EC07C</SyntaxOperator>
      <SyntaxKeyword>#FB4934</SyntaxKeyword>
      <SyntaxReference>#B8BB26</SyntaxReference>
      <SyntaxBoolean>#D3869B</SyntaxBoolean>
      <SyntaxTime>#FABD2F</SyntaxTime>
      <SyntaxString>#B8BB26</SyntaxString>
      <SyntaxFunction>#83A598</SyntaxFunction>
      <SyntaxVariable>#EBDBB2</SyntaxVariable>
      <SyntaxNumber>#D3869B</SyntaxNumber>
      <SyntaxPunctuation>#EBDBB2</SyntaxPunctuation>
      <SyntaxDefinition>#FB4934</SyntaxDefinition>
      <IsLightVariant>false</IsLightVariant>
      <VariantGroup>Gruvbox</VariantGroup>
    </ColorTheme>
    <ColorTheme>
      <Name>Gruvbox Light</Name>
      <Background>#FBF1C7</Background>
      <DefaultText>#3C3836</DefaultText>
      <TauPrompt>#CC241D</TauPrompt>
      <Numbers>#D3869B</Numbers>
      <Comments>#928374</Comments>
      <Highlights>#427B7B</Highlights>
      <SyntaxCommand>#B8BB26</SyntaxCommand>
      <SyntaxOperator>#8EC07C</SyntaxOperator>
      <SyntaxKeyword>#FB4934</SyntaxKeyword>
      <SyntaxReference>#B8BB26</SyntaxReference>
      <SyntaxBoolean>#D3869B</SyntaxBoolean>
      <SyntaxTime>#FABD2F</SyntaxTime>
      <SyntaxString>#B8BB26</SyntaxString>
      <SyntaxFunction>#83A598</SyntaxFunction>
      <SyntaxVariable>#3C3836</SyntaxVariable>
      <SyntaxNumber>#D3869B</SyntaxNumber>
      <SyntaxPunctuation>#3C3836</SyntaxPunctuation>
      <SyntaxDefinition>#FB4934</SyntaxDefinition>
      <IsLightVariant>true</IsLightVariant>
      <VariantGroup>Gruvbox</VariantGroup>
    </ColorTheme>
    <ColorTheme>
      <Name>Dracula Dark</Name>
      <Background>#282A36</Background>
      <DefaultText>#F8F8F2</DefaultText>
      <TauPrompt>#FF5555</TauPrompt>
      <Numbers>#BD93F9</Numbers>
      <Comments>#6272A4</Comments>
      <Highlights>#54CFE9</Highlights>
      <SyntaxCommand>#FF79C6</SyntaxCommand>
      <SyntaxOperator>#BD93F9</SyntaxOperator>
      <SyntaxKeyword>#FF92D0</SyntaxKeyword>
      <SyntaxReference>#50FA7B</SyntaxReference>
      <SyntaxBoolean>#BD93F9</SyntaxBoolean>
      <SyntaxTime>#F1FA8C</SyntaxTime>
      <SyntaxString>#F1FA8C</SyntaxString>
      <SyntaxFunction>#62D6E8</SyntaxFunction>
      <SyntaxVariable>#FFB86C</SyntaxVariable>
      <SyntaxNumber>#BD93F9</SyntaxNumber>
      <SyntaxPunctuation>#F8F8F2</SyntaxPunctuation>
      <SyntaxDefinition>#FF79C6</SyntaxDefinition>
      <IsLightVariant>false</IsLightVariant>
      <VariantGroup>Dracula</VariantGroup>
    </ColorTheme>
    <ColorTheme>
      <Name>Dracula Light</Name>
      <Background>#F8F8F2</Background>
      <DefaultText>#282A36</DefaultText>
      <TauPrompt>#FF5555</TauPrompt>
      <Numbers>#9B6BDF</Numbers>
      <Comments>#6272A4</Comments>
      <Highlights>#0986A6</Highlights>
      <SyntaxCommand>#FF79C6</SyntaxCommand>
      <SyntaxOperator>#FF79C6</SyntaxOperator>
      <SyntaxKeyword>#FF79C6</SyntaxKeyword>
      <SyntaxReference>#50FA7B</SyntaxReference>
      <SyntaxBoolean>#9B6BDF</SyntaxBoolean>
      <SyntaxTime>#E6DB74</SyntaxTime>
      <SyntaxString>#E6DB74</SyntaxString>
      <SyntaxFunction>#0B9BC9</SyntaxFunction>
      <SyntaxVariable>#282A36</SyntaxVariable>
      <SyntaxNumber>#9B6BDF</SyntaxNumber>
      <SyntaxPunctuation>#282A36</SyntaxPunctuation>
      <SyntaxDefinition>#FF79C6</SyntaxDefinition>
      <IsLightVariant>true</IsLightVariant>
      <VariantGroup>Dracula</VariantGroup>
    </ColorTheme>
    <ColorTheme>
      <Name>One Dark</Name>
      <Background>#282C34</Background>
      <DefaultText>#ABB2BF</DefaultText>
      <TauPrompt>#E06C75</TauPrompt>
      <Numbers>#C678DD</Numbers>
      <Comments>#5C6370</Comments>
      <Highlights>#3D9CA6</Highlights>
      <SyntaxCommand>#C678DD</SyntaxCommand>
      <SyntaxOperator>#56B6C2</SyntaxOperator>
      <SyntaxKeyword>#D787ED</SyntaxKeyword>
      <SyntaxReference>#98C379</SyntaxReference>
      <SyntaxBoolean>#D19A66</SyntaxBoolean>
      <SyntaxTime>#E5C07B</SyntaxTime>
      <SyntaxString>#98C379</SyntaxString>
      <SyntaxFunction>#4D9BDC</SyntaxFunction>
      <SyntaxVariable>#E06C75</SyntaxVariable>
      <SyntaxNumber>#D19A66</SyntaxNumber>
      <SyntaxPunctuation>#ABB2BF</SyntaxPunctuation>
      <SyntaxDefinition>#B867CC</SyntaxDefinition>
      <IsLightVariant>false</IsLightVariant>
      <VariantGroup>One</VariantGroup>
    </ColorTheme>
    <ColorTheme>
      <Name>One Light</Name>
      <Background>#FAFAFA</Background>
      <DefaultText>#383A42</DefaultText>
      <TauPrompt>#E45649</TauPrompt>
      <Numbers>#A626A4</Numbers>
      <Comments>#A0A1A7</Comments>
      <Highlights>#2A5BC2</Highlights>
      <SyntaxCommand>#A626A4</SyntaxCommand>
      <SyntaxOperator>#0184BC</SyntaxOperator>
      <SyntaxKeyword>#A626A4</SyntaxKeyword>
      <SyntaxReference>#50A14F</SyntaxReference>
      <SyntaxBoolean>#986801</SyntaxBoolean>
      <SyntaxTime>#C18401</SyntaxTime>
      <SyntaxString>#50A14F</SyntaxString>
      <SyntaxFunction>#4078F2</SyntaxFunction>
      <SyntaxVariable>#E45649</SyntaxVariable>
      <SyntaxNumber>#986801</SyntaxNumber>
      <SyntaxPunctuation>#383A42</SyntaxPunctuation>
      <SyntaxDefinition>#A626A4</SyntaxDefinition>
      <IsLightVariant>true</IsLightVariant>
      <VariantGroup>One</VariantGroup>
    </ColorTheme>
    <ColorTheme>
      <Name>GitHub Dark</Name>
      <Background>#0D1117</Background>
      <DefaultText>#C9D1D9</DefaultText>
      <TauPrompt>#FF7B72</TauPrompt>
      <Numbers>#79C0FF</Numbers>
      <Comments>#8B949E</Comments>
      <Highlights>#58A6FF</Highlights>
      <SyntaxCommand>#FF7B72</SyntaxCommand>
      <SyntaxOperator>#FF7B72</SyntaxOperator>
      <SyntaxKeyword>#FF7B72</SyntaxKeyword>
      <SyntaxReference>#7EE787</SyntaxReference>
      <SyntaxBoolean>#79C0FF</SyntaxBoolean>
      <SyntaxTime>#FFA657</SyntaxTime>
      <SyntaxString>#A5D6FF</SyntaxString>
      <SyntaxFunction>#D2A8FF</SyntaxFunction>
      <SyntaxVariable>#FFA657</SyntaxVariable>
      <SyntaxNumber>#79C0FF</SyntaxNumber>
      <SyntaxPunctuation>#C9D1D9</SyntaxPunctuation>
      <SyntaxDefinition>#FF7B72</SyntaxDefinition>
      <IsLightVariant>false</IsLightVariant>
      <VariantGroup>GitHub</VariantGroup>
    </ColorTheme>
    <ColorTheme>
      <Name>GitHub Light</Name>
      <Background>#FFFFFF</Background>
      <DefaultText>#24292F</DefaultText>
      <TauPrompt>#CF222E</TauPrompt>
      <Numbers>#0550AE</Numbers>
      <Comments>#6E7781</Comments>
      <Highlights>#0349B4</Highlights>
      <SyntaxCommand>#CF222E</SyntaxCommand>
      <SyntaxOperator>#CF222E</SyntaxOperator>
      <SyntaxKeyword>#CF222E</SyntaxKeyword>
      <SyntaxReference>#116329</SyntaxReference>
      <SyntaxBoolean>#0550AE</SyntaxBoolean>
      <SyntaxTime>#953800</SyntaxTime>
      <SyntaxString>#0A3069</SyntaxString>
      <SyntaxFunction>#8250DF</SyntaxFunction>
      <SyntaxVariable>#953800</SyntaxVariable>
      <SyntaxNumber>#0550AE</SyntaxNumber>
      <SyntaxPunctuation>#24292F</SyntaxPunctuation>
      <SyntaxDefinition>#CF222E</SyntaxDefinition>
      <IsLightVariant>true</IsLightVariant>
      <VariantGroup>GitHub</VariantGroup>
    </ColorTheme>
    <ColorTheme>
      <Name>Nord Dark</Name>
      <Background>#2E3440</Background>
      <DefaultText>#D8DEE9</DefaultText>
      <TauPrompt>#BF616A</TauPrompt>
      <Numbers>#B48EAD</Numbers>
      <Comments>#4C566A</Comments>
      <Highlights>#5E81AC</Highlights>
      <SyntaxCommand>#81A1C1</SyntaxCommand>
      <SyntaxOperator>#81A1C1</SyntaxOperator>
      <SyntaxKeyword>#B48EAD</SyntaxKeyword>
      <SyntaxReference>#A3BE8C</SyntaxReference>
      <SyntaxBoolean>#B48EAD</SyntaxBoolean>
      <SyntaxTime>#EBCB8B</SyntaxTime>
      <SyntaxString>#A3BE8C</SyntaxString>
      <SyntaxFunction>#88C0D0</SyntaxFunction>
      <SyntaxVariable>#D8DEE9</SyntaxVariable>
      <SyntaxNumber>#B48EAD</SyntaxNumber>
      <SyntaxPunctuation>#D8DEE9</SyntaxPunctuation>
      <SyntaxDefinition>#81A1C1</SyntaxDefinition>
      <IsLightVariant>false</IsLightVariant>
      <VariantGroup>Nord</VariantGroup>
    </ColorTheme>
    <ColorTheme>
      <Name>Nord Light</Name>
      <Background>#ECEFF4</Background>
      <DefaultText>#2E3440</DefaultText>
      <TauPrompt>#BF616A</TauPrompt>
      <Numbers>#B48EAD</Numbers>
      <Comments>#4C566A</Comments>
      <Highlights>#3B6491</Highlights>
      <SyntaxCommand>#81A1C1</SyntaxCommand>
      <SyntaxOperator>#81A1C1</SyntaxOperator>
      <SyntaxKeyword>#B48EAD</SyntaxKeyword>
      <SyntaxReference>#A3BE8C</SyntaxReference>
      <SyntaxBoolean>#B48EAD</SyntaxBoolean>
      <SyntaxTime>#EBCB8B</SyntaxTime>
      <SyntaxString>#A3BE8C</SyntaxString>
      <SyntaxFunction>#88C0D0</SyntaxFunction>
      <SyntaxVariable>#2E3440</SyntaxVariable>
      <SyntaxNumber>#B48EAD</SyntaxNumber>
      <SyntaxPunctuation>#2E3440</SyntaxPunctuation>
      <SyntaxDefinition>#81A1C1</SyntaxDefinition>
      <IsLightVariant>true</IsLightVariant>
      <VariantGroup>Nord</VariantGroup>
    </ColorTheme>
  </ThemesList>
</ThemeConfiguration>